1485353201,0.00,0,0
1485353244,0.00,0,0
1485353287,0.00,0,0
1485353329,0.00,0,0
1485353372,0.00,0,0
1485353415,0.00,0,0
1485353438,0.00,0,0
1485353481,0.00,0,0
1485353547,0.00,0,0
1485353590,0.00,0,0
1485353633,0.00,0,0
1485353676,0.00,0,0
1485353719,0.00,0,0
1485353800,0.00,0,0
1485353843,0.00,0,0
1485353885,0.00,0,0
1485353928,0.00,0,0
1485353971,0.00,0,0
1485354014,0.00,0,0
1485354057,0.00,0,0
1485354100,0.00,0,0
1485354143,0.00,0,0
1485354186,0.00,0,0
1485354229,0.00,0,0
1485354280,0.00,0,0
1485354323,0.00,0,0
1485354366,0.00,0,0
1485354409,0.00,0,0
1485354452,0.00,0,0
1485354495,0.00,0,0
1485354538,0.00,0,0
1485354581,0.00,0,0
1485354624,0.00,0,0
1485354667,0.00,0,0
1485354710,0.00,0,0
1485354753,0.00,0,0
1485354796,0.00,0,0
1485354839,0.00,0,0
1485354882,0.00,0,0
1485354925,0.00,0,0
1485354968,0.00,0,0
1486202779,99.71,0,0
1486202854,99.71,0,0
1486202871,98.61,0,0
1486202888,99.08,0,0
1486202905,99.08,0,0
1486202922,97.98,0,0
1486202939,98.61,0,0
1486202956,97.98,0,0
1486202973,97.98,0,0
1486202990,98.61,0,0
1486203007,97.98,0,0
1486203024,98.45,0,0
1486203041,98.45,0,0
1486203058,97.98,0,0
1486203079,97.98,0,0
1486203096,97.98,0,0
1486203113,97.98,0,0
1486203130,98.45,0,0
1486203147,97.98,0,0
1486203164,97.98,0,0
1486203181,97.98,0,0
1486203198,97.98,0,0
1486203215,97.98,0,0
1486203232,97.98,0,0
1486203249,97.98,0,0
1486203266,97.98,0,0
1486203283,97.98,0,0
1486203300,97.98,0,0
1486203317,97.98,0,0
1486203334,97.82,0,0
1486203351,97.82,0,0
1486203368,97.82,0,0
1486203385,97.82,0,0
1486203402,97.82,0,0
1486203419,97.82,0,0
1486203436,97.82,0,0
1486203452,97.82,0,0
1486203469,97.34,0,0
1486203486,97.82,0,0
1486203503,97.82,0,0
1486203520,97.82,0,0
1486203537,97.82,0,0
1486203554,96.71,0,0
1486203571,97.82,0,0
1486203588,97.82,0,0
1486203605,97.34,0,0
1486203622,96.71,0,0
1486203639,97.34,0,0
1486203656,97.34,0,0
1486203673,97.82,0,0
1486203690,96.71,0,0
1486203707,97.34,0,0
1486203724,96.71,0,0
1486203741,96.71,0,0
1486203758,96.71,0,0
1486203775,97.18,0,0
1486203792,96.71,0,0
1486203809,97.18,0,0
1486203826,97.18,0,0
1486203842,97.18,0,0
1486203859,96.71,0,0
1486203876,96.71,0,0
1486203893,96.71,0,0
1486203910,96.71,0,0
1486203927,96.71,0,0
1486203944,96.71,0,0
1486203961,96.71,0,0
1486203978,96.71,0,0
1486203995,96.71,0,0
1486204012,96.71,0,0
1486204029,96.71,0,0
1486204046,96.71,0,0
1486204063,96.71,0,0
1486204080,96.71,0,0
1486204097,96.71,0,0
1486204114,96.71,0,0
1486204131,96.71,0,0
1486204148,96.08,0,0
1486204165,96.71,0,0
1486204181,96.71,0,0
1486204198,96.55,0,0
1486204215,96.08,0,0
1486204232,96.08,0,0
1486204249,96.08,0,0
1486204266,96.55,0,0
1486204283,96.55,0,0
1486204300,96.55,0,0
1486204317,96.08,0,0
1486204334,96.55,0,0
1486204351,96.55,0,0
1486204368,96.08,0,0
1486204385,96.55,0,0
1486204402,96.55,0,0
1486204419,96.08,0,0
1486204436,96.55,0,0
1486204453,95.45,0,0
1486204470,96.08,0,0
1486204487,96.08,0,0
1486204504,96.08,0,0
1486204521,96.55,0,0
1486204538,95.45,0,0
1486204555,95.45,0,0
1486204572,95.45,0,0
1486204588,96.08,0,0
1486204605,96.08,0,0
1486204622,96.08,0,0
1486204639,96.08,0,0
1486204656,95.45,0,0
1486204673,95.92,0,0
1486204690,95.45,0,0
1486204707,95.45,0,0
1486204724,95.45,0,0
1486204741,95.45,0,0
1486204758,95.45,0,0
1486204775,95.92,0,0
1486204792,95.45,0,0
1486204809,95.45,0,0
1486204826,95.45,0,0
1486204843,95.45,0,0
1486204860,95.45,0,0
1486204877,95.45,0,0
1486204894,95.45,0,0
1486204911,95.45,0,0
1486204928,95.45,0,0
1486204945,95.45,0,0
1486204961,95.45,0,0
1486204978,95.45,0,0
1486204995,95.45,0,0
1486205012,95.45,0,0
1486205029,95.45,0,0
1486205046,95.45,0,0
1486205063,95.45,0,0
1486205080,95.45,0,0
1486205097,95.45,0,0
1486205114,94.81,0,0
1486205131,95.29,0,0
1486205148,95.29,0,0
1486205165,95.29,0,0
1486205182,95.29,0,0
1486205199,95.29,0,0
1486205216,95.29,0,0
1486205233,94.81,0,0
1486205250,95.29,0,0
1486205267,95.29,0,0
1486205284,95.29,0,0
1486205301,94.81,0,0
1486205317,94.81,0,0
1486205334,95.29,0,0
1486205351,95.29,0,0
1486205368,94.81,0,0
1486205385,95.29,0,0
1486205402,94.81,0,0
1486205419,94.81,0,0
1486205436,95.29,0,0
1486205453,95.29,0,0
1486205470,94.18,0,0
1486205487,94.81,0,0
1486205504,94.18,0,0
1486205521,94.18,0,0
1486205538,94.18,0,0
1486205555,94.18,0,0
1486205572,94.18,0,0
1486205589,94.18,0,0
1486205606,94.18,0,0
1486205623,94.65,0,0
1486205640,94.18,0,0
1486205657,94.18,0,0
1486205673,94.18,0,0
1486205690,94.18,0,0
1486205707,94.18,0,0
1486205724,94.18,0,0
1486205741,94.18,0,0
1486205758,94.18,0,0
1486205775,94.18,0,0
1486205792,94.18,0,0
1486205809,94.65,0,0
1486205826,94.18,0,0
1486205843,94.18,0,0
1486205860,94.18,0,0
1486205877,94.18,0,0
1486205894,94.18,0,0
1486205911,94.18,0,0
1486205928,94.18,0,0
1486205945,94.18,0,0
1486205962,94.18,0,0
1486205979,94.18,0,0
1486205996,94.18,0,0
1486206013,94.18,0,0
1486206030,94.18,0,0
1486206046,94.18,0,0
1486206063,94.18,0,0
1486206080,94.02,0,0
1486206097,94.02,0,0
1486206114,93.55,0,0
1486206131,93.55,0,0
1486206148,93.55,0,0
1486206165,93.55,0,0
1486206182,92.91,0,0
1486206199,94.02,0,0
1486206216,94.02,0,0
1486206233,93.55,0,0
1486206250,94.02,0,0
1486206267,94.02,0,0
1486206284,93.55,0,0
1486206301,94.02,0,0
1486206318,93.55,0,0
1486206335,94.02,0,0
1486206352,93.55,0,0
1486206369,93.55,0,0
1486206386,92.91,0,0
1486206403,93.55,0,0
1486206420,94.02,0,0
1486206437,93.55,0,0
1486206453,93.55,0,0
1486206470,92.91,0,0
1486206487,94.02,0,0
1486206504,92.91,0,0
1486206521,93.55,0,0
1486206538,92.91,0,0
1486206555,93.55,0,0
1486206572,93.55,0,0
1486206589,93.55,0,0
1486206606,92.91,0,0
1486206623,92.91,0,0
1486206640,92.91,0,0
1486206657,92.91,0,0
1486206674,92.91,0,0
1486206691,92.91,0,0
1486206708,93.39,0,0
1486206725,92.91,0,0
1486206742,92.91,0,0
1486206759,92.91,0,0
1486206776,92.91,0,0
1486206793,92.91,0,0
1486206810,94.02,0,0
1486206827,92.91,0,0
1486206844,92.91,0,0
1486206860,92.91,0,0
1486206877,92.91,0,0
1486206894,92.91,0,0
1486206911,92.91,0,0
1486206928,92.91,0,0
1486206945,92.91,0,0
1486206962,92.91,0,0
1486206979,92.91,0,0
1486206996,92.91,0,0
1486207013,92.28,0,0
1486207030,92.91,0,0
1486207047,92.91,0,0
1486207064,92.91,0,0
1486207081,92.91,0,0
1486207098,92.28,0,0
1486207115,92.91,0,0
1486207132,92.28,0,0
1486207149,92.91,0,0
1486207166,92.91,0,0
1486207183,92.75,0,0
1486207200,92.28,0,0
1486207217,92.75,0,0
1486207234,92.28,0,0
1486207251,92.75,0,0
1486207268,92.28,0,0
1486207285,92.75,0,0
1486207301,92.75,0,0
1486207318,92.75,0,0
1486207335,92.75,0,0
1486207352,92.75,0,0
1486207369,92.75,0,0
1486207386,92.28,0,0
1486207403,92.75,0,0
1486207420,92.28,0,0
1486207437,92.28,0,0
1486207454,92.75,0,0
1486207471,92.75,0,0
1486207488,92.75,0,0
1486207505,92.28,0,0
1486207522,92.75,0,0
1486207539,92.28,0,0
1486207556,91.65,0,0
1486207573,91.65,0,0
1486207590,92.28,0,0
1486207607,92.28,0,0
1486207624,91.65,0,0
1486207641,91.65,0,0
1486207658,91.65,0,0
1486207675,92.28,0,0
1486207692,92.28,0,0
1486207709,91.65,0,0
1486207726,92.28,0,0
1486207743,91.65,0,0
1486207760,92.12,0,0
1486207777,92.12,0,0
1486207794,91.65,0,0
1486207810,91.65,0,0
1486207827,91.65,0,0
1486207844,91.65,0,0
1486207861,91.65,0,0
1486207878,91.65,0,0
1486207895,91.65,0,0
1486207912,91.65,0,0
1486207929,91.65,0,0
1486207946,91.65,0,0
1486207963,91.65,0,0
1486207980,91.65,0,0
1486207997,91.65,0,0
1486208014,91.65,0,0
1486208031,91.65,0,0
1486208048,91.65,0,0
1486208065,91.65,0,0
1486208082,91.65,0,0
1486208099,91.65,0,0
1486208116,92.12,0,0
1486208133,91.65,0,0
1486208150,91.65,0,0
1486208167,91.65,0,0
1486208184,91.65,0,0
1486208201,91.02,0,0
1486208218,91.65,0,0
1486208235,91.65,0,0
1486208252,91.65,0,0
1486208269,91.65,0,0
1486208286,91.65,0,0
1486208302,91.49,0,0
1486208319,91.49,0,0
1486208336,91.02,0,0
1486208353,91.02,0,0
1486208370,91.49,0,0
1486208387,91.02,0,0
1486208404,91.49,0,0
1486208421,91.49,0,0
1486208438,91.49,0,0
1486208455,91.02,0,0
1486208472,91.49,0,0
1486208489,90.38,0,0
1486208506,91.02,0,0
1486208523,91.02,0,0
1486208540,91.02,0,0
1486208557,91.49,0,0
1486208574,91.02,0,0
1486208591,91.02,0,0
1486208608,91.49,0,0
1486208625,90.38,0,0
1486208642,91.49,0,0
1486208659,91.02,0,0
1486208676,90.38,0,0
1486208693,91.49,0,0
1486208710,90.38,0,0
1486208727,91.02,0,0
1486208744,91.02,0,0
1486208761,91.02,0,0
1486208778,90.38,0,0
1486208795,90.38,0,0
1486208811,91.02,0,0
1486208828,90.38,0,0
1486208845,91.02,0,0
1486208862,90.38,0,0
1486208879,91.02,0,0
1486208896,90.38,0,0
1486208913,90.38,0,0
1486208930,91.02,0,0
1486208947,91.02,0,0
1486208964,90.38,0,0
1486208981,90.38,0,0
1486208998,90.38,0,0
1486209015,91.49,0,0
1486209032,90.38,0,0
1486209049,90.38,0,0
1486209066,90.38,0,0
1486209083,90.38,0,0
1486209100,90.38,0,0
1486209117,90.38,0,0
1486209134,91.49,0,0
1486209151,91.49,0,0
1486209168,90.38,0,0
1486209185,90.38,0,0
1486209202,90.38,0,0
1486209219,90.38,0,0
1486209236,91.49,0,0
1486209253,90.38,0,0
1486209270,90.38,0,0
1486209287,90.86,0,0
1486209304,90.38,0,0
1486209321,90.38,0,0
1486209338,90.86,0,0
1486209355,90.38,0,0
1486209372,90.86,0,0
1486209389,90.86,0,0
1486209406,90.38,0,0
1486209422,90.38,0,0
1486209439,90.86,0,0
1486209456,90.38,0,0
1486209473,90.38,0,0
1486209490,90.38,0,0
1486209507,90.38,0,0
1486209524,90.38,0,0
1486209541,90.86,0,0
1486209558,90.38,0,0
1486209575,90.38,0,0
1486209592,90.38,0,0
1486209609,90.22,0,0
1486209626,89.75,0,0
1486209643,89.75,0,0
1486209660,90.22,0,0
1486209677,90.22,0,0
1486209694,89.75,0,0
1486209711,89.75,0,0
1486209728,89.75,0,0
1486209745,90.22,0,0
1486209762,89.75,0,0
1486209779,89.75,0,0
1486209796,90.22,0,0
1486209813,89.75,0,0
1486209830,90.22,0,0
1486209847,89.75,0,0
1486209864,89.75,0,0
1486209881,90.22,0,0
1486209898,89.12,0,0
1486209915,89.75,0,0
1486209932,90.22,0,0
1486209949,89.12,0,0
1486209966,89.75,0,0
1486209983,89.75,0,0
1486209999,89.75,0,0
1486210016,89.12,0,0
1486210033,89.75,0,0
1486210050,90.22,0,0
1486210067,89.12,0,0
1486210084,89.12,0,0
1486210101,89.12,0,0
1486210118,90.22,0,0
1486210135,89.75,0,0
1486210152,89.12,0,0
1486210169,89.75,0,0
1486210186,89.75,0,0
1486210203,89.12,0,0
1486210220,89.12,0,0
1486210237,89.12,0,0
1486210254,90.22,0,0
1486210271,89.59,0,0
1486210288,89.12,0,0
1486210305,89.12,0,0
1486210322,89.12,0,0
1486210339,89.12,0,0
1486210356,89.12,0,0
1486210373,89.12,0,0
1486210390,89.12,0,0
1486210407,90.22,0,0
1486210424,89.12,0,0
1486210441,89.12,0,0
1486210458,90.22,0,0
1486210475,89.12,0,0
1486210492,90.22,0,0
1486210509,89.12,0,0
1486210526,89.12,0,0
1486210543,89.12,0,0
1486210560,89.12,0,0
1486210577,89.12,0,0
1486210594,89.12,0,0
1486210611,89.12,0,0
1486210628,89.59,0,0
1486210645,89.12,0,0
1486210662,89.12,0,0
1486210679,89.59,0,0
1486210696,89.12,0,0
1486210713,89.12,0,0
1486210729,88.50,0,0
1486210746,89.12,0,0
1486210763,89.12,0,0
1486210780,88.50,0,0
1486210797,89.59,0,0
1486210814,88.50,0,0
1486210831,89.12,0,0
1486210848,89.12,0,0
1486210865,89.59,0,0
1486210882,88.50,0,0
1486210899,88.50,0,0
1486210916,88.96,0,0
1486210933,88.96,0,0
1486210950,88.50,0,0
1486210967,88.96,0,0
1486210984,88.50,0,0
1486211001,88.50,0,0
1486211018,88.50,0,0
1486211035,88.50,0,0
1486211052,88.96,0,0
1486211069,87.93,0,0
1486211086,88.50,0,0
1486211103,88.50,0,0
1486211120,88.50,0,0
1486211137,88.96,0,0
1486211154,88.50,0,0
1486211171,88.96,0,0
1486211188,88.50,0,0
1486211205,88.96,0,0
1486211222,88.96,0,0
1486211239,87.93,0,0
1486211256,88.96,0,0
1486211273,87.93,0,0
1486211290,88.50,0,0
1486211307,87.93,0,0
1486211324,88.50,0,0
1486211341,88.96,0,0
1486211358,88.50,0,0
1486211375,87.93,0,0
1486211392,87.93,0,0
1486211409,87.93,0,0
1486211426,87.93,0,0
1486211443,88.50,0,0
1486211460,87.93,0,0
1486211477,87.93,0,0
1486211493,87.93,0,0
1486211510,87.93,0,0
1486211527,87.93,0,0
1486211544,87.93,0,0
1486211561,87.93,0,0
1486211578,87.93,0,0
1486211595,87.93,0,0
1486211612,87.93,0,0
1486211629,87.93,0,0
1486211646,87.93,0,0
1486211663,87.93,0,0
1486211680,88.96,0,0
1486211697,87.93,0,0
1486211714,88.96,0,0
1486211731,88.96,0,0
1486211748,87.93,0,0
1486211765,87.93,0,0
1486211782,88.36,0,0
1486211799,87.93,0,0
1486211816,88.36,0,0
1486211833,87.93,0,0
1486211850,87.93,0,0
1486211867,87.93,0,0
1486211884,87.93,0,0
1486211901,88.36,0,0
1486211918,87.93,0,0
1486211935,87.93,0,0
1486211952,87.93,0,0
1486211969,87.93,0,0
1486211986,87.93,0,0
1486212003,87.93,0,0
1486212020,87.93,0,0
1486212037,87.93,0,0
1486212054,87.93,0,0
1486212071,88.36,0,0
1486212088,87.93,0,0
1486212105,87.93,0,0
1486212122,87.93,0,0
1486212139,87.93,0,0
1486212156,87.93,0,0
1486212173,87.93,0,0
1486212190,87.93,0,0
1486212207,88.36,0,0
1486212224,87.93,0,0
1486212241,87.93,0,0
1486212258,87.93,0,0
1486212275,87.93,0,0
1486212292,87.93,0,0
1486212308,87.93,0,0
1486212325,87.35,0,0
1486212342,87.35,0,0
1486212359,88.36,0,0
1486212376,87.35,0,0
1486212393,87.35,0,0
1486212410,88.36,0,0
1486212427,87.78,0,0
1486212444,87.78,0,0
1486212461,87.35,0,0
1486212478,87.35,0,0
1486212495,87.35,0,0
1486212512,86.78,0,0
1486212529,87.78,0,0
1486212546,86.78,0,0
1486212563,86.78,0,0
1486212580,87.35,0,0
1486212597,87.35,0,0
1486212614,86.78,0,0
1486212631,87.78,0,0
1486212648,87.78,0,0
1486212665,86.78,0,0
1486212682,86.78,0,0
1486212699,87.35,0,0
1486212716,87.78,0,0
1486212733,87.35,0,0
1486212750,86.78,0,0
1486212767,86.78,0,0
1486212784,87.78,0,0
1486212801,87.78,0,0
1486212818,86.78,0,0
1486212835,87.35,0,0
1486212852,87.78,0,0
1486212869,86.78,0,0
1486212886,86.78,0,0
1486212903,87.35,0,0
1486212920,87.35,0,0
1486212937,87.78,0,0
1486212954,86.78,0,0
1486212971,86.78,0,0
1486212988,86.78,0,0
1486213005,86.78,0,0
1486213022,86.78,0,0
1486213039,87.78,0,0
1486213056,87.78,0,0
1486213073,86.78,0,0
1486213090,86.78,0,0
1486213107,86.78,0,0
1486213124,86.78,0,0
1486213141,87.78,0,0
1486213158,86.78,0,0
1486213175,86.78,0,0
1486213192,87.78,0,0
1486213209,86.78,0,0
1486213226,86.78,0,0
1486213243,87.78,0,0
1486213260,86.78,0,0
1486213277,87.21,0,0
1486213294,86.78,0,0
1486213311,87.78,0,0
1486213327,86.78,0,0
1486213344,86.78,0,0
1486213361,86.78,0,0
1486213378,87.21,0,0
1486213395,86.78,0,0
1486213412,87.21,0,0
1486213429,86.78,0,0
1486213446,86.78,0,0
1486213463,87.21,0,0
1486213480,86.78,0,0
1486213497,86.78,0,0
1486213514,86.78,0,0
1486213531,87.21,0,0
1486213548,87.21,0,0
1486213565,86.78,0,0
1486213582,86.78,0,0
1486213599,86.78,0,0
1486213616,86.78,0,0
1486213633,86.78,0,0
1486213650,86.78,0,0
1486213667,86.78,0,0
1486213684,86.78,0,0
1486213701,86.78,0,0
1486213718,87.21,0,0
1486213735,87.21,0,0
1486213752,86.78,0,0
1486213769,87.21,0,0
1486213786,87.21,0,0
1486213803,86.20,0,0
1486213820,87.21,0,0
1486213837,86.78,0,0
1486213854,86.20,0,0
1486213871,86.78,0,0
1486213888,86.63,0,0
1486213905,86.20,0,0
1486213922,86.20,0,0
1486213939,86.63,0,0
1486213955,86.63,0,0
1486213972,86.63,0,0
1486213989,86.63,0,0
1486214006,86.63,0,0
1486214023,86.63,0,0
1486214040,86.63,0,0
1486214057,86.63,0,0
1486214074,86.20,0,0
1486214091,86.63,0,0
1486214108,86.20,0,0
1486214125,86.20,0,0
1486214142,85.63,0,0
1486214159,86.20,0,0
1486214176,86.63,0,0
1486214193,85.63,0,0
1486214210,86.63,0,0
1486214227,86.63,0,0
1486214244,85.63,0,0
1486214261,86.63,0,0
1486214278,85.63,0,0
1486214295,85.63,0,0
1486214312,85.63,0,0
1486214329,86.20,0,0
1486214346,85.63,0,0
1486214363,85.63,0,0
1486214380,86.20,0,0
1486214397,85.63,0,0
1486214414,85.63,0,0
1486214431,85.63,0,0
1486214448,86.20,0,0
1486214465,85.63,0,0
1486214482,86.63,0,0
1486214499,86.20,0,0
1486214515,85.63,0,0
1486214532,86.63,0,0
1486214549,85.63,0,0
1486214566,85.63,0,0
1486214583,86.63,0,0
1486214600,86.63,0,0
1486214617,85.63,0,0
1486214634,85.63,0,0
1486214651,85.63,0,0
1486214668,86.63,0,0
1486214685,85.63,0,0
1486214702,86.63,0,0
1486214719,86.63,0,0
1486214736,85.63,0,0
1486214753,85.63,0,0
1486214770,85.63,0,0
1486214787,85.63,0,0
1486214804,86.63,0,0
1486214821,85.63,0,0
1486214838,86.63,0,0
1486214855,85.63,0,0
1486214872,86.63,0,0
1486214889,85.63,0,0
1486214906,85.63,0,0
1486214923,85.63,0,0
1486214940,86.06,0,0
1486214957,85.63,0,0
1486214974,85.63,0,0
1486214991,85.63,0,0
1486215008,85.63,0,0
1486215025,86.63,0,0
1486215042,85.63,0,0
1486215059,85.63,0,0
1486215076,86.06,0,0
1486215093,86.06,0,0
1486215110,85.63,0,0
1486215127,85.63,0,0
1486215143,86.06,0,0
1486215160,86.06,0,0
1486215177,85.63,0,0
1486215194,85.63,0,0
1486215211,85.63,0,0
1486215228,85.63,0,0
1486215245,85.63,0,0
1486215262,85.63,0,0
1486215279,85.63,0,0
1486215296,86.06,0,0
1486215313,85.63,0,0
1486215330,85.63,0,0
1486215347,85.05,0,0
1486215364,85.63,0,0
1486215381,86.06,0,0
1486215398,85.63,0,0
1486215415,85.63,0,0
1486215432,85.05,0,0
1486215449,85.63,0,0
1486215466,86.06,0,0
1486215483,85.05,0,0
1486215500,85.63,0,0
1486215517,85.63,0,0
1486215534,86.06,0,0
1486215551,85.05,0,0
1486215568,85.63,0,0
1486215585,85.63,0,0
1486215602,85.05,0,0
1486215619,85.05,0,0
1486215636,85.05,0,0
1486215653,85.48,0,0
1486215670,85.48,0,0
1486215687,85.48,0,0
1486215704,85.05,0,0
1486215721,85.48,0,0
1486215738,85.05,0,0
1486215755,85.05,0,0
1486215772,85.05,0,0
1486215788,85.05,0,0
1486215805,85.05,0,0
1486215822,84.48,0,0
1486215839,85.05,0,0
1486215856,85.05,0,0
1486215873,85.48,0,0
1486215890,85.05,0,0
1486215907,85.48,0,0
1486215924,84.48,0,0
1486215941,85.05,0,0
1486215958,85.48,0,0
1486215975,85.48,0,0
1486215992,85.48,0,0
1486216009,85.05,0,0
1486216026,85.48,0,0
1486216043,85.48,0,0
1486216060,84.48,0,0
1486216077,84.48,0,0
1486216094,84.48,0,0
1486216111,85.48,0,0
1486216128,84.48,0,0
1486216145,85.48,0,0
1486216162,84.48,0,0
1486216179,84.48,0,0
1486216196,85.05,0,0
1486216213,85.48,0,0
1486216230,85.48,0,0
1486216247,85.48,0,0
1486216264,84.48,0,0
1486216281,85.48,0,0
1486216298,84.48,0,0
1486216315,85.48,0,0
1486216332,85.48,0,0
1486216349,84.48,0,0
1486216366,85.05,0,0
1486216383,85.48,0,0
1486216400,84.48,0,0
1486216417,84.48,0,0
1486216434,85.48,0,0
1486216451,84.48,0,0
1486216468,84.48,0,0
1486216484,84.48,0,0
1486216501,84.48,0,0
1486216518,84.48,0,0
1486216535,84.48,0,0
1486216552,84.48,0,0
1486216569,84.48,0,0
1486216586,84.48,0,0
1486216603,85.48,0,0
1486216620,85.48,0,0
1486216637,84.48,0,0
1486216654,85.48,0,0
1486216671,85.48,0,0
1486216688,84.48,0,0
1486216705,85.48,0,0
1486216722,84.48,0,0
1486216739,84.91,0,0
1486216756,84.91,0,0
1486216773,84.48,0,0
1486216790,84.48,0,0
1486216807,85.48,0,0
1486216824,84.91,0,0
1486216841,84.48,0,0
1486216858,84.48,0,0
1486216875,84.48,0,0
1486216892,84.48,0,0
1486216909,85.48,0,0
1486216926,84.91,0,0
1486216943,84.48,0,0
1486216960,84.48,0,0
1486216977,84.48,0,0
1486216994,84.48,0,0
1486217011,85.48,0,0
1486217028,84.48,0,0
1486217045,84.48,0,0
1486217062,84.48,0,0
1486217079,85.48,0,0
1486217096,84.48,0,0
1486217113,84.91,0,0
1486217130,84.48,0,0
1486217147,84.48,0,0
1486217164,84.48,0,0
1486217181,84.91,0,0
1486217198,84.48,0,0
1486217215,84.91,0,0
1486217231,84.91,0,0
1486217248,84.48,0,0
1486217265,84.91,0,0
1486217282,84.91,0,0
1486217299,84.48,0,0
1486217316,84.91,0,0
1486217333,83.85,0,0
1486217350,84.91,0,0
1486217367,84.48,0,0
1486217384,84.48,0,0
1486217401,84.91,0,0
1486217418,84.91,0,0
1486217435,84.48,0,0
1486217452,84.48,0,0
1486217469,84.48,0,0
1486217486,84.91,0,0
1486217503,84.48,0,0
1486217520,84.91,0,0
1486217537,83.85,0,0
1486217554,83.85,0,0
1486217571,84.34,0,0
1486217588,84.91,0,0
1486217605,84.34,0,0
1486217622,84.34,0,0
1486217639,83.85,0,0
1486217656,83.85,0,0
1486217673,83.85,0,0
1486217690,83.85,0,0
1486217707,84.34,0,0
1486217724,84.34,0,0
1486217741,83.85,0,0
1486217758,83.85,0,0
1486217775,84.34,0,0
1486217792,83.85,0,0
1486217809,84.34,0,0
1486217826,84.34,0,0
1486217843,83.85,0,0
1486217860,83.85,0,0
1486217877,83.85,0,0
1486217894,84.34,0,0
1486217911,83.85,0,0
1486217928,83.85,0,0
1486217945,83.85,0,0
1486217962,84.34,0,0
1486217979,83.20,0,0
1486217996,83.20,0,0
1486218013,84.34,0,0
1486218030,83.85,0,0
1486218047,83.85,0,0
1486218064,84.34,0,0
1486218081,84.34,0,0
1486218098,83.20,0,0
1486218115,84.34,0,0
1486218132,84.34,0,0
1486218149,83.20,0,0
1486218166,83.85,0,0
1486218183,83.85,0,0
1486218200,84.34,0,0
1486218217,83.20,0,0
1486218234,83.20,0,0
1486218251,83.20,0,0
1486218268,83.20,0,0
1486218285,84.34,0,0
1486218301,83.20,0,0
1486218318,83.20,0,0
1486218335,84.34,0,0
1486218352,84.34,0,0
1486218369,84.34,0,0
1486218386,84.34,0,0
1486218403,84.34,0,0
1486218420,84.34,0,0
1486218437,83.20,0,0
1486218454,84.34,0,0
1486218471,83.20,0,0
1486218488,83.20,0,0
1486218505,84.34,0,0
1486218522,84.34,0,0
1486218539,83.20,0,0
1486218556,83.20,0,0
1486218573,84.34,0,0
1486218590,83.85,0,0
1486218607,83.20,0,0
1486218624,84.34,0,0
1486218641,83.20,0,0
1486218658,83.20,0,0
1486218675,83.20,0,0
1486218692,83.20,0,0
1486218709,83.20,0,0
1486218726,83.20,0,0
1486218743,84.34,0,0
1486218760,83.20,0,0
1486218777,84.34,0,0
1486218794,83.20,0,0
1486218811,83.20,0,0
1486218828,84.34,0,0
1486218845,83.20,0,0
1486218862,83.68,0,0
1486218879,83.20,0,0
1486218896,83.20,0,0
1486218913,84.34,0,0
1486218930,83.20,0,0
1486218947,83.20,0,0
1486218964,83.20,0,0
1486218981,84.34,0,0
1486218998,83.20,0,0
1486219015,83.20,0,0
1486219032,83.20,0,0
1486219049,83.20,0,0
1486219066,83.20,0,0
1486219083,84.34,0,0
1486219100,83.20,0,0
1486219117,83.20,0,0
1486219134,83.20,0,0
1486219151,83.68,0,0
1486219168,83.20,0,0
1486219185,84.34,0,0
1486219202,84.34,0,0
1486219219,83.68,0,0
1486219236,83.68,0,0
1486219253,83.68,0,0
1486219270,84.34,0,0
1486219287,83.20,0,0
1486219304,83.68,0,0
1486219321,83.20,0,0
1486219338,83.20,0,0
1486219355,83.20,0,0
1486219372,83.68,0,0
1486219389,83.20,0,0
1486219406,83.20,0,0
1486219423,83.20,0,0
1486219440,83.68,0,0
1486219457,83.68,0,0
1486219474,83.20,0,0
1486219491,82.54,0,0
1486219508,83.68,0,0
1486219525,83.20,0,0
1486219542,83.20,0,0
1486219559,83.68,0,0
1486219576,83.68,0,0
1486219593,83.68,0,0
1486219610,83.20,0,0
1486219627,83.20,0,0
1486219643,82.54,0,0
1486219660,83.68,0,0
1486219677,83.20,0,0
1486219694,83.20,0,0
1486219711,83.68,0,0
1486219728,83.68,0,0
1486219745,83.68,0,0
1486219762,82.54,0,0
1486219779,83.20,0,0
1486219796,83.20,0,0
1486219813,83.20,0,0
1486219830,83.03,0,0
1486219847,82.54,0,0
1486219864,83.03,0,0
1486219881,82.54,0,0
1486219898,83.03,0,0
1486219915,83.68,0,0
1486219932,83.03,0,0
1486219949,83.03,0,0
1486219966,83.03,0,0
1486219983,83.03,0,0
1486220000,83.03,0,0
1486220017,82.54,0,0
1486220034,83.68,0,0
1486220051,82.54,0,0
1486220068,82.54,0,0
1486220085,82.54,0,0
1486220102,83.03,0,0
1486220119,83.03,0,0
1486220136,82.54,0,0
1486220153,83.03,0,0
1486220170,83.03,0,0
1486220187,83.03,0,0
1486220204,83.03,0,0
1486220221,83.03,0,0
1486220238,82.54,0,0
1486220255,82.54,0,0
1486220272,83.03,0,0
1486220289,83.03,0,0
1486220306,83.03,0,0
1486220323,83.03,0,0
1486220340,81.89,0,0
1486220357,82.54,0,0
1486220374,81.89,0,0
1486220391,81.89,0,0
1486220408,81.89,0,0
1486220424,83.03,0,0
1486220441,81.89,0,0
1486220458,83.03,0,0
1486220475,83.03,0,0
1486220492,83.03,0,0
1486220509,83.03,0,0
1486220526,83.03,0,0
1486220543,83.03,0,0
1486220560,81.89,0,0
1486220577,83.03,0,0
1486220594,81.89,0,0
1486220611,81.89,0,0
1486220628,81.89,0,0
1486220645,81.89,0,0
1486220662,81.89,0,0
1486220679,81.89,0,0
1486220696,81.89,0,0
1486220713,83.03,0,0
1486220730,83.03,0,0
1486220747,83.03,0,0
1486220764,83.03,0,0
1486220781,81.89,0,0
1486220798,83.03,0,0
1486220815,83.03,0,0
1486220832,83.03,0,0
1486220849,83.03,0,0
1486220866,83.03,0,0
1486220883,81.89,0,0
1486220900,81.89,0,0
1486220917,83.03,0,0
1486220934,81.89,0,0
1486220951,81.89,0,0
1486220968,83.03,0,0
1486220985,83.03,0,0
1486221001,83.03,0,0
1486221018,83.03,0,0
1486221035,81.89,0,0
1486221052,82.38,0,0
1486221069,83.03,0,0
1486221086,83.03,0,0
1486221103,81.89,0,0
1486221120,83.03,0,0
1486221137,81.89,0,0
1486221154,83.03,0,0
1486221171,83.03,0,0
1486221188,83.03,0,0
1486221205,83.03,0,0
1486221222,83.03,0,0
1486221239,82.38,0,0
1486221256,83.03,0,0
1486221273,81.89,0,0
1486221290,81.89,0,0
1486221307,83.03,0,0
1486221324,81.89,0,0
1486221341,81.89,0,0
1486221358,81.89,0,0
1486221375,81.89,0,0
1486221392,83.03,0,0
1486221409,82.38,0,0
1486221425,82.38,0,0
1486221442,81.89,0,0
1486221459,81.89,0,0
1486221476,81.89,0,0
1486221493,82.38,0,0
1486221510,82.38,0,0
1486221527,83.03,0,0
1486221544,82.38,0,0
1486221561,82.38,0,0
1486221578,82.38,0,0
1486221595,81.89,0,0
1486221612,83.03,0,0
1486221629,82.38,0,0
1486221646,83.03,0,0
1486221663,83.03,0,0
1486221680,82.38,0,0
1486221697,81.89,0,0
1486221714,82.38,0,0
1486221731,81.89,0,0
1486221748,82.38,0,0
1486221765,82.38,0,0
1486221782,81.89,0,0
1486221799,81.89,0,0
1486221816,81.89,0,0
1486221832,82.38,0,0
1486221849,81.89,0,0
1486221866,81.89,0,0
1486221883,82.38,0,0
1486221900,82.38,0,0
1486221917,82.38,0,0
1486221934,81.89,0,0
1486221951,82.38,0,0
1486221968,81.89,0,0
1486221985,81.24,0,0
1486222002,81.89,0,0
1486222019,81.89,0,0
1486222036,82.38,0,0
1486222053,82.38,0,0
1486222070,82.38,0,0
1486222087,82.38,0,0
1486222104,81.89,0,0
1486222121,81.24,0,0
1486222138,81.24,0,0
1486222155,81.89,0,0
1486222171,82.38,0,0
1486222188,82.38,0,0
1486222205,81.89,0,0
1486222222,81.89,0,0
1486222239,81.24,0,0
1486222256,81.89,0,0
1486222273,81.89,0,0
1486222290,82.38,0,0
1486222307,81.89,0,0
1486222324,81.89,0,0
1486222341,81.24,0,0
1486222358,81.89,0,0
1486222375,81.89,0,0
1486222392,81.89,0,0
1486222409,81.89,0,0
1486222426,81.24,0,0
1486222443,81.89,0,0
1486222460,81.24,0,0
1486222477,82.38,0,0
1486222494,82.38,0,0
1486222510,81.73,0,0
1486222527,81.73,0,0
1486222544,81.73,0,0
1486222561,81.24,0,0
1486222578,81.73,0,0
1486222595,81.73,0,0
1486222612,81.24,0,0
1486222629,81.24,0,0
1486222646,81.73,0,0
1486222663,81.24,0,0
1486222680,81.73,0,0
1486222697,81.24,0,0
1486222714,81.73,0,0
1486222731,81.24,0,0
1486222748,81.73,0,0
1486222765,80.59,0,0
1486222782,81.73,0,0
1486222799,81.73,0,0
1486222815,81.73,0,0
1486222832,81.73,0,0
1486222849,81.73,0,0
1486222866,81.73,0,0
1486222883,81.24,0,0
1486222900,81.73,0,0
1486222917,81.73,0,0
1486222934,81.24,0,0
1486222951,80.59,0,0
1486222968,81.73,0,0
1486222985,81.73,0,0
1486223002,81.73,0,0
1486223019,81.73,0,0
1486223036,81.73,0,0
1486223053,81.73,0,0
1486223070,81.73,0,0
1486223087,81.73,0,0
1486223104,81.73,0,0
1486223120,80.59,0,0
1486223137,81.73,0,0
1486223154,80.59,0,0
1486223171,80.59,0,0
1486223188,81.73,0,0
1486223205,81.73,0,0
1486223222,81.24,0,0
1486223239,81.24,0,0
1486223256,80.59,0,0
1486223273,81.73,0,0
1486223290,80.59,0,0
1486223307,80.59,0,0
1486223324,80.59,0,0
1486223341,81.73,0,0
1486223358,81.73,0,0
1486223375,81.73,0,0
1486223392,80.59,0,0
1486223409,81.73,0,0
1486223425,80.59,0,0
1486223442,81.73,0,0
1486223459,80.59,0,0
1486223476,80.59,0,0
1486223493,81.73,0,0
1486223510,80.59,0,0
1486223527,80.59,0,0
1486223544,81.73,0,0
1486223561,81.73,0,0
1486223578,81.73,0,0
1486223595,81.73,0,0
1486223612,81.73,0,0
1486223629,80.59,0,0
1486223646,81.73,0,0
1486223663,81.73,0,0
1486223679,80.59,0,0
1486223696,81.73,0,0
1486223713,81.73,0,0
1486223730,80.59,0,0
1486223747,81.73,0,0
1486223764,81.73,0,0
1486223781,81.73,0,0
1486223798,80.59,0,0
1486223815,81.73,0,0
1486223832,81.24,0,0
1486223849,80.59,0,0
1486223866,81.73,0,0
1486223883,80.59,0,0
1486223900,80.59,0,0
1486223917,81.73,0,0
1486223933,81.73,0,0
1486223950,81.73,0,0
1486223967,81.07,0,0
1486223984,81.07,0,0
1486224001,81.07,0,0
1486224018,80.59,0,0
1486224035,81.73,0,0
1486224052,80.59,0,0
1486224069,80.59,0,0
1486224086,81.73,0,0
1486224103,81.73,0,0
1486224120,80.59,0,0
1486224137,81.73,0,0
1486224154,80.59,0,0
1486224170,81.73,0,0
1486224187,80.59,0,0
1486224204,80.59,0,0
1486224221,80.59,0,0
1486224238,80.59,0,0
1486224255,80.59,0,0
1486224272,81.73,0,0
1486224289,80.59,0,0
1486224306,81.73,0,0
1486224323,81.07,0,0
1486224340,81.73,0,0
1486224357,81.73,0,0
1486224374,81.73,0,0
1486224391,81.07,0,0
1486224408,81.73,0,0
1486224424,81.73,0,0
1486224441,81.73,0,0
1486224458,81.07,0,0
1486224475,81.07,0,0
1486224492,80.59,0,0
1486224509,80.59,0,0
1486224526,81.07,0,0
1486224543,81.73,0,0
1486224560,81.73,0,0
1486224577,80.59,0,0
1486224594,80.59,0,0
1486224611,81.07,0,0
1486224628,81.73,0,0
1486224645,81.07,0,0
1486224661,80.59,0,0
1486224678,81.73,0,0
1486224695,81.07,0,0
1486224712,80.59,0,0
1486224729,81.07,0,0
1486224746,80.59,0,0
1486224763,80.59,0,0
1486224780,81.07,0,0
1486224797,80.59,0,0
1486224814,80.59,0,0
1486224831,81.07,0,0
1486224848,81.07,0,0
1486224865,80.59,0,0
1486224881,81.07,0,0
1486224898,80.59,0,0
1486224915,81.07,0,0
1486224932,80.59,0,0
1486224949,81.07,0,0
1486224966,80.59,0,0
1486224983,81.07,0,0
1486225000,80.59,0,0
1486225017,80.59,0,0
1486225034,81.07,0,0
1486225051,80.59,0,0
1486225068,80.59,0,0
1486225084,81.07,0,0
1486225101,80.59,0,0
1486225118,80.59,0,0
1486225135,80.59,0,0
1486225152,81.07,0,0
1486225169,81.07,0,0
1486225186,80.59,0,0
1486225203,81.07,0,0
1486225220,81.07,0,0
1486225237,80.59,0,0
1486225254,80.59,0,0
1486225271,79.93,0,0
1486225287,80.59,0,0
1486225304,81.07,0,0
1486225321,81.07,0,0
1486225338,79.93,0,0
1486225355,80.59,0,0
1486225372,81.07,0,0
1486225389,80.59,0,0
1486225406,80.59,0,0
1486225423,81.07,0,0
1486225440,81.07,0,0
1486225457,80.59,0,0
1486225474,81.07,0,0
1486225490,80.59,0,0
1486225507,81.07,0,0
1486225524,79.93,0,0
1486225541,80.59,0,0
1486225558,80.59,0,0
1486225575,79.93,0,0
1486225592,80.59,0,0
1486225609,81.07,0,0
1486225626,80.59,0,0
1486225643,80.59,0,0
1486225660,80.59,0,0
1486225676,81.07,0,0
1486225693,80.59,0,0
1486225710,81.07,0,0
1486225727,80.42,0,0
1486225744,79.93,0,0
1486225761,80.42,0,0
1486225778,81.07,0,0
1486225795,79.93,0,0
1486225812,80.42,0,0
1486225829,81.07,0,0
1486225846,80.42,0,0
1486225862,80.42,0,0
1486225879,79.93,0,0
1486225896,80.42,0,0
1486225913,79.93,0,0
1486225930,80.42,0,0
1486225947,80.42,0,0
1486225964,80.42,0,0
1486225981,79.93,0,0
1486225998,80.42,0,0
1486226015,80.42,0,0
1486226032,80.42,0,0
1486226049,79.93,0,0
1486226065,80.42,0,0
1486226082,80.42,0,0
1486226099,80.42,0,0
1486226116,80.42,0,0
1486226133,80.42,0,0
1486226150,80.42,0,0
1486226167,80.42,0,0
1486226184,80.42,0,0
1486226201,80.42,0,0
1486226218,80.42,0,0
1486226235,80.42,0,0
1486226251,80.42,0,0
1486226268,80.42,0,0
1486226285,80.42,0,0
1486226302,80.42,0,0
1486226319,80.42,0,0
1486226336,80.42,0,0
1486226353,80.42,0,0
1486226370,80.42,0,0
1486226387,79.28,0,0
1486226404,80.42,0,0
1486226421,80.42,0,0
1486226438,80.42,0,0
1486226454,80.42,0,0
1486226471,80.42,0,0
1486226488,80.42,0,0
1486226505,80.42,0,0
1486226522,80.42,0,0
1486226539,80.42,0,0
1486226556,80.42,0,0
1486226573,80.42,0,0
1486226590,79.28,0,0
1486226607,80.42,0,0
1486226624,80.42,0,0
1486226641,79.93,0,0
1486226658,80.42,0,0
1486226674,79.28,0,0
1486226691,80.42,0,0
1486226708,80.42,0,0
1486226725,80.42,0,0
1486226742,80.42,0,0
1486226759,80.42,0,0
1486226776,79.28,0,0
1486226793,80.42,0,0
1486226810,79.28,0,0
1486226827,80.42,0,0
1486226844,79.28,0,0
1486226861,80.42,0,0
1486226877,80.42,0,0
1486226894,80.42,0,0
1486226911,80.42,0,0
1486226928,80.42,0,0
1486226945,80.42,0,0
1486226962,80.42,0,0
1486226979,80.42,0,0
1486226996,80.42,0,0
1486227013,80.42,0,0
1486227030,80.42,0,0
1486227047,79.28,0,0
1486227063,80.42,0,0
1486227080,80.42,0,0
1486227097,79.28,0,0
1486227114,80.42,0,0
1486227131,80.42,0,0
1486227148,80.42,0,0
1486227165,80.42,0,0
1486227182,80.42,0,0
1486227199,80.42,0,0
1486227216,80.42,0,0
1486227233,80.42,0,0
1486227249,80.42,0,0
1486227266,80.42,0,0
1486227283,80.42,0,0
1486227300,80.42,0,0
1486227317,80.42,0,0
1486227334,79.28,0,0
1486227351,79.93,0,0
1486227368,79.28,0,0
1486227385,80.42,0,0
1486227402,80.42,0,0
1486227419,80.42,0,0
1486227436,79.28,0,0
1486227452,80.42,0,0
1486227469,80.42,0,0
1486227486,80.42,0,0
1486227503,79.28,0,0
1486227520,80.42,0,0
1486227537,80.42,0,0
1486227554,80.42,0,0
1486227571,80.42,0,0
1486227588,79.28,0,0
1486227605,80.42,0,0
1486227622,79.28,0,0
1486227638,79.77,0,0
1486227655,80.42,0,0
1486227672,80.42,0,0
1486227689,79.77,0,0
1486227706,79.28,0,0
1486227723,80.42,0,0
1486227740,79.77,0,0
1486227757,80.42,0,0
1486227774,80.42,0,0
1486227791,79.77,0,0
1486227808,79.77,0,0
1486227824,80.42,0,0
1486227841,79.28,0,0
1486227858,80.42,0,0
1486227875,79.77,0,0
1486227892,80.42,0,0
1486227909,80.42,0,0
1486227926,79.28,0,0
1486227943,80.42,0,0
1486227960,79.28,0,0
1486227977,80.42,0,0
1486227994,79.77,0,0
1486228011,79.28,0,0
1486228027,79.77,0,0
1486228044,79.28,0,0
1486228061,80.42,0,0
1486228078,79.28,0,0
1486228095,79.28,0,0
1486228112,79.77,0,0
1486228129,79.77,0,0
1486228146,79.77,0,0
1486228163,79.77,0,0
1486228180,79.28,0,0
1486228197,79.28,0,0
1486228213,79.77,0,0
1486228230,79.77,0,0
1486228247,79.77,0,0
1486228264,79.28,0,0
1486228281,79.28,0,0
1486228298,79.77,0,0
1486228315,79.28,0,0
1486228332,79.77,0,0
1486228349,79.28,0,0
1486228366,79.28,0,0
1486228383,79.28,0,0
1486228400,79.77,0,0
1486228416,79.28,0,0
1486228433,79.77,0,0
1486228450,79.28,0,0
1486228467,79.28,0,0
1486228484,79.28,0,0
1486228501,79.77,0,0
1486228518,79.77,0,0
1486228535,79.28,0,0
1486228552,78.63,0,0
1486228569,79.28,0,0
1486228586,79.77,0,0
1486228603,79.28,0,0
1486228619,79.28,0,0
1486228636,79.77,0,0
1486228653,78.63,0,0
1486228670,79.28,0,0
1486228687,79.28,0,0
1486228704,79.28,0,0
1486228721,79.28,0,0
1486228738,79.28,0,0
1486228755,79.28,0,0
1486228772,79.77,0,0
1486228789,79.28,0,0
1486228805,79.28,0,0
1486228822,79.28,0,0
1486228839,78.63,0,0
1486228856,79.28,0,0
1486228873,79.77,0,0
1486228890,79.77,0,0
1486228907,78.63,0,0
1486228924,79.12,0,0
1486228941,79.12,0,0
1486228958,79.77,0,0
1486228975,79.12,0,0
1486228991,79.12,0,0
1486229008,79.12,0,0
1486229025,79.12,0,0
1486229042,79.12,0,0
1486229059,78.63,0,0
1486229076,79.12,0,0
1486229093,79.12,0,0
1486229110,78.63,0,0
1486229127,79.12,0,0
1486229144,79.12,0,0
1486229161,78.63,0,0
1486229177,78.63,0,0
1486229194,79.12,0,0
1486229211,79.12,0,0
1486229228,79.12,0,0
1486229245,79.12,0,0
1486229262,79.12,0,0
1486229279,78.63,0,0
1486229296,79.12,0,0
1486229313,79.12,0,0
1486229330,79.12,0,0
1486229347,79.12,0,0
1486229363,79.12,0,0
1486229380,79.12,0,0
1486229397,79.12,0,0
1486229414,79.12,0,0
1486229431,79.12,0,0
1486229448,79.12,0,0
1486229465,79.12,0,0
1486229482,79.12,0,0
1486229499,79.12,0,0
1486229516,77.98,0,0
1486229532,79.12,0,0
1486229549,79.12,0,0
1486229566,79.12,0,0
1486229583,77.98,0,0
1486229600,79.12,0,0
1486229617,79.12,0,0
1486229634,79.12,0,0
1486229651,79.12,0,0
1486229668,79.12,0,0
1486229685,77.98,0,0
1486229701,79.12,0,0
1486229718,79.12,0,0
1486229735,79.12,0,0
1486229752,79.12,0,0
1486229769,79.12,0,0
1486229786,79.12,0,0
1486229803,77.98,0,0
1486229820,79.12,0,0
1486229837,79.12,0,0
1486229854,79.12,0,0
1486229870,79.12,0,0
1486229887,79.12,0,0
1486229904,79.12,0,0
1486229921,79.12,0,0
1486229938,79.12,0,0
1486229955,79.12,0,0
1486229972,79.12,0,0
1486229989,79.12,0,0
1486230006,79.12,0,0
1486230022,79.12,0,0
1486230039,79.12,0,0
1486230056,79.12,0,0
1486230073,79.12,0,0
1486230090,79.12,0,0
1486230107,77.98,0,0
1486230124,79.12,0,0
1486230141,79.12,0,0
1486230158,79.12,0,0
1486230175,79.12,0,0
1486230191,79.12,0,0
1486230208,79.12,0,0
1486230225,79.12,0,0
1486230242,79.12,0,0
1486230259,79.12,0,0
1486230276,78.63,0,0
1486230293,78.63,0,0
1486230310,77.98,0,0
1486230327,77.98,0,0
1486230344,79.12,0,0
1486230360,79.12,0,0
1486230377,79.12,0,0
1486230394,79.12,0,0
1486230411,77.98,0,0
1486230428,78.46,0,0
1486230445,78.46,0,0
1486230462,78.46,0,0
1486230479,77.98,0,0
1486230496,78.46,0,0
1486230513,79.12,0,0
1486230529,78.46,0,0
1486230546,79.12,0,0
1486230563,79.12,0,0
1486230580,79.12,0,0
1486230597,78.46,0,0
1486230614,78.46,0,0
1486230631,78.46,0,0
1486230648,77.98,0,0
1486230665,78.46,0,0
1486230682,77.98,0,0
1486230699,78.46,0,0
1486230715,77.98,0,0
1486230732,78.46,0,0
1486230749,77.98,0,0
1486230766,77.98,0,0
1486230783,78.46,0,0
1486230800,79.12,0,0
1486230817,77.98,0,0
1486230834,79.12,0,0
1486230851,77.98,0,0
1486230868,77.98,0,0
1486230884,77.98,0,0
1486230901,77.98,0,0
1486230918,79.12,0,0
1486230935,78.46,0,0
1486230952,78.46,0,0
1486230969,77.98,0,0
1486230986,78.46,0,0
1486231003,79.12,0,0
1486231020,78.46,0,0
1486231037,77.98,0,0
1486231054,78.46,0,0
1486231070,78.46,0,0
1486231087,79.12,0,0
1486231104,78.46,0,0
1486231121,78.46,0,0
1486231138,77.98,0,0
1486231155,77.98,0,0
1486231172,78.46,0,0
1486231189,78.46,0,0
1486231206,78.46,0,0
1486231223,77.98,0,0
1486231240,77.98,0,0
1486231256,78.46,0,0
1486231273,78.46,0,0
1486231290,77.98,0,0
1486231307,78.46,0,0
1486231324,77.98,0,0
1486231341,77.98,0,0
1486231358,78.46,0,0
1486231375,77.98,0,0
1486231392,77.98,0,0
1486231409,77.98,0,0
1486231425,77.98,0,0
1486231442,77.98,0,0
1486231459,77.98,0,0
1486231476,78.46,0,0
1486231493,77.98,0,0
1486231510,77.32,0,0
1486231527,77.98,0,0
1486231544,77.98,0,0
1486231561,77.98,0,0
1486231578,77.98,0,0
1486231595,78.46,0,0
1486231611,77.98,0,0
1486231628,77.98,0,0
1486231645,77.32,0,0
1486231662,77.81,0,0
1486231679,77.81,0,0
1486231696,77.81,0,0
1486231713,77.81,0,0
1486231730,77.81,0,0
1486231747,77.32,0,0
1486231764,77.81,0,0
1486231781,77.81,0,0
1486231797,77.81,0,0
1486231814,77.81,0,0
1486231831,77.81,0,0
1486231848,77.81,0,0
1486231865,77.32,0,0
1486231882,77.32,0,0
1486231899,77.81,0,0
1486231916,77.81,0,0
1486231933,76.67,0,0
1486231950,76.67,0,0
1486231967,77.81,0,0
1486231983,77.81,0,0
1486232000,77.81,0,0
1486232017,76.67,0,0
1486232034,77.81,0,0
1486232051,77.81,0,0
1486232068,77.81,0,0
1486232085,76.67,0,0
1486232102,77.81,0,0
1486232119,77.81,0,0
1486232136,77.81,0,0
1486232153,77.32,0,0
1486232169,77.81,0,0
1486232186,77.81,0,0
1486232203,77.81,0,0
1486232220,77.81,0,0
1486232237,77.81,0,0
1486232254,77.81,0,0
1486232271,76.67,0,0
1486232288,77.81,0,0
1486232305,77.81,0,0
1486232322,76.67,0,0
1486232339,77.81,0,0
1486232355,76.67,0,0
1486232372,76.67,0,0
1486232389,77.81,0,0
1486232406,77.81,0,0
1486232423,77.81,0,0
1486232440,77.81,0,0
1486232457,77.81,0,0
1486232474,77.81,0,0
1486232491,77.81,0,0
1486232508,77.81,0,0
1486232525,77.81,0,0
1486232542,77.81,0,0
1486232559,77.81,0,0
1486232575,77.32,0,0
1486232592,77.81,0,0
1486232609,77.32,0,0
1486232626,76.67,0,0
1486232643,77.81,0,0
1486232660,76.67,0,0
1486232677,77.32,0,0
1486232694,77.81,0,0
1486232711,77.81,0,0
1486232728,77.32,0,0
1486232745,77.32,0,0
1486232762,77.81,0,0
1486232778,77.81,0,0
1486232795,77.81,0,0
1486232812,77.81,0,0
1486232829,77.81,0,0
1486232846,77.81,0,0
1486232863,77.81,0,0
1486232880,77.81,0,0
1486232897,77.32,0,0
1486232914,76.67,0,0
1486232931,77.81,0,0
1486232948,77.16,0,0
1486232964,77.16,0,0
1486232981,77.81,0,0
1486232998,77.81,0,0
1486233015,77.16,0,0
1486233032,77.16,0,0
1486233049,77.16,0,0
1486233066,77.16,0,0
1486233083,77.16,0,0
1486233100,77.81,0,0
1486233117,76.67,0,0
1486233134,76.67,0,0
1486233150,77.16,0,0
1486233167,77.16,0,0
1486233184,77.81,0,0
1486233201,76.67,0,0
1486233218,77.81,0,0
1486233235,77.16,0,0
1486233252,77.16,0,0
1486233269,77.81,0,0
1486233286,77.16,0,0
1486233303,77.81,0,0
1486233319,76.67,0,0
1486233336,77.81,0,0
1486233353,77.16,0,0
1486233370,77.16,0,0
1486233387,77.81,0,0
1486233404,76.67,0,0
1486233421,77.16,0,0
1486233438,77.16,0,0
1486233455,77.16,0,0
1486233472,76.67,0,0
1486233488,77.16,0,0
1486233505,76.67,0,0
1486233522,77.16,0,0
1486233539,77.16,0,0
1486233556,77.16,0,0
1486233573,77.16,0,0
1486233590,77.81,0,0
1486233607,77.16,0,0
1486233624,77.16,0,0
1486233641,76.67,0,0
1486233657,77.16,0,0
1486233674,77.16,0,0
1486233691,77.16,0,0
1486233708,76.67,0,0
1486233725,76.67,0,0
1486233742,77.16,0,0
1486233759,76.67,0,0
1486233776,76.67,0,0
1486233793,76.67,0,0
1486233810,77.16,0,0
1486233826,76.67,0,0
1486233843,77.16,0,0
1486233860,76.02,0,0
1486233877,77.16,0,0
1486233894,76.67,0,0
1486233911,76.67,0,0
1486233928,76.67,0,0
1486233945,76.67,0,0
1486233962,77.16,0,0
1486233979,76.67,0,0
1486233995,76.67,0,0
1486234012,77.16,0,0
1486234029,77.16,0,0
1486234046,76.51,0,0
1486234063,76.51,0,0
1486234080,76.51,0,0
1486234097,76.51,0,0
1486234114,76.51,0,0
1486234131,76.51,0,0
1486234148,76.51,0,0
1486234164,76.51,0,0
1486234181,76.51,0,0
1486234198,76.51,0,0
1486234215,76.51,0,0
1486234232,76.51,0,0
1486234249,76.51,0,0
1486234266,76.51,0,0
1486234283,76.51,0,0
1486234300,76.51,0,0
1486234316,76.51,0,0
1486234333,75.37,0,0
1486234350,76.51,0,0
1486234367,76.51,0,0
1486234384,76.51,0,0
1486234401,76.51,0,0
1486234418,76.51,0,0
1486234435,76.51,0,0
1486234452,75.37,0,0
1486234469,76.51,0,0
1486234485,75.37,0,0
1486234502,76.51,0,0
1486234519,76.51,0,0
1486234536,76.51,0,0
1486234553,76.51,0,0
1486234570,76.51,0,0
1486234587,76.51,0,0
1486234604,76.51,0,0
1486234621,76.51,0,0
1486234638,76.51,0,0
1486234654,76.51,0,0
1486234671,76.51,0,0
1486234688,76.51,0,0
1486234705,76.51,0,0
1486234722,75.37,0,0
1486234739,76.51,0,0
1486234756,76.51,0,0
1486234773,76.51,0,0
1486234790,76.51,0,0
1486234806,75.37,0,0
1486234823,76.51,0,0
1486234840,76.51,0,0
1486234857,76.02,0,0
1486234874,76.51,0,0
1486234891,76.51,0,0
1486234908,76.51,0,0
1486234925,76.51,0,0
1486234942,76.02,0,0
1486234959,76.51,0,0
1486234975,76.51,0,0
1486234992,76.51,0,0
1486235009,76.51,0,0
1486235026,76.02,0,0
1486235043,76.51,0,0
1486235060,76.51,0,0
1486235077,76.51,0,0
1486235094,76.51,0,0
1486235111,76.51,0,0
1486235128,76.51,0,0
1486235144,76.02,0,0
1486235161,76.51,0,0
1486235178,75.37,0,0
1486235195,76.51,0,0
1486235212,76.02,0,0
1486235229,76.02,0,0
1486235246,76.51,0,0
1486235263,76.51,0,0
1486235280,76.02,0,0
1486235297,75.86,0,0
1486235313,75.37,0,0
1486235330,75.86,0,0
1486235347,75.86,0,0
1486235364,75.86,0,0
1486235381,75.86,0,0
1486235398,76.51,0,0
1486235415,75.86,0,0
1486235432,75.37,0,0
1486235449,75.37,0,0
1486235466,76.51,0,0
1486235483,76.51,0,0
1486235499,75.86,0,0
1486235516,75.86,0,0
1486235533,75.86,0,0
1486235550,75.37,0,0
1486235567,75.86,0,0
1486235584,75.37,0,0
1486235601,75.37,0,0
1486235618,75.86,0,0
1486235635,76.51,0,0
1486235652,75.86,0,0
1486235669,75.86,0,0
1486235685,75.86,0,0
1486235702,75.86,0,0
1486235719,75.37,0,0
1486235736,75.37,0,0
1486235753,75.86,0,0
1486235770,75.37,0,0
1486235787,75.37,0,0
1486235804,75.86,0,0
1486235821,75.86,0,0
1486235838,75.86,0,0
1486235854,75.86,0,0
1486235871,75.37,0,0
1486235888,75.86,0,0
1486235905,75.37,0,0
1486235922,75.86,0,0
1486235939,75.37,0,0
1486235956,75.86,0,0
1486235973,76.51,0,0
1486235990,76.51,0,0
1486236007,75.86,0,0
1486236024,76.51,0,0
1486236040,75.86,0,0
1486236057,76.51,0,0
1486236074,75.86,0,0
1486236091,76.51,0,0
1486236108,76.51,0,0
1486236125,76.51,0,0
1486236142,76.51,0,0
1486236159,75.86,0,0
1486236176,75.86,0,0
1486236193,76.51,0,0
1486236210,75.86,0,0
1486236226,75.86,0,0
1486236243,76.51,0,0
1486236260,75.37,0,0
1486236277,75.86,0,0
1486236294,76.51,0,0
1486236311,75.86,0,0
1486236328,75.37,0,0
1486236345,75.86,0,0
1486236362,75.37,0,0
1486236379,76.51,0,0
1486236396,75.86,0,0
1486236413,75.86,0,0
1486236429,75.37,0,0
1486236446,75.86,0,0
1486236463,75.86,0,0
1486236480,75.86,0,0
1486236497,75.37,0,0
1486236514,75.86,0,0
1486236531,75.37,0,0
1486236548,75.86,0,0
1486236565,75.37,0,0
1486236582,75.37,0,0
1486236599,76.51,0,0
1486236616,75.37,0,0
1486236632,75.86,0,0
1486236649,75.86,0,0
1486236666,75.86,0,0
1486236683,75.37,0,0
1486236700,75.86,0,0
1486236717,75.86,0,0
1486236734,75.86,0,0
1486236751,75.37,0,0
1486236768,75.86,0,0
1486236785,75.37,0,0
1486236802,75.37,0,0
1486236819,75.37,0,0
1486236835,75.37,0,0
1486236852,75.37,0,0
1486236869,75.86,0,0
1486236886,75.37,0,0
1486236903,75.37,0,0
1486236920,75.37,0,0
1486236937,75.37,0,0
1486236954,75.86,0,0
1486236971,75.37,0,0
1486236988,75.37,0,0
1486237005,75.37,0,0
1486237022,75.37,0,0
1486237038,75.37,0,0
1486237055,75.37,0,0
1486237072,75.37,0,0
1486237089,75.37,0,0
1486237106,75.86,0,0
1486237123,75.37,0,0
1486237140,75.37,0,0
1486237157,74.71,0,0
1486237174,74.71,0,0
1486237191,75.37,0,0
1486237208,75.37,0,0
1486237225,75.86,0,0
1486237242,75.37,0,0
1486237258,75.37,0,0
1486237275,75.37,0,0
1486237292,74.71,0,0
1486237309,75.20,0,0
1486237326,75.20,0,0
1486237343,75.20,0,0
1486237360,75.20,0,0
1486237377,75.20,0,0
1486237394,75.20,0,0
1486237411,75.20,0,0
1486237428,75.20,0,0
1486237445,75.20,0,0
1486237462,75.20,0,0
1486237478,75.20,0,0
1486237495,75.20,0,0
1486237512,75.20,0,0
1486237529,75.20,0,0
1486237546,75.20,0,0
1486237563,75.20,0,0
1486237580,75.20,0,0
1486237597,75.20,0,0
1486237614,75.20,0,0
1486237631,75.20,0,0
1486237648,75.20,0,0
1486237665,75.20,0,0
1486237681,74.05,0,0
1486237698,75.20,0,0
1486237715,75.20,0,0
1486237732,75.20,0,0
1486237749,75.20,0,0
1486237766,74.05,0,0
1486237783,75.20,0,0
1486237800,75.20,0,0
1486237817,75.20,0,0
1486237834,75.20,0,0
1486237851,75.20,0,0
1486237867,74.71,0,0
1486237884,75.20,0,0
1486237901,75.20,0,0
1486237918,74.05,0,0
1486237935,75.20,0,0
1486237952,75.20,0,0
1486237969,75.20,0,0
1486237986,75.20,0,0
1486238003,75.20,0,0
1486238020,75.20,0,0
1486238037,75.20,0,0
1486238054,75.20,0,0
1486238070,74.71,0,0
1486238087,75.20,0,0
1486238104,75.20,0,0
1486238121,75.20,0,0
1486238138,75.20,0,0
1486238155,75.20,0,0
1486238172,75.20,0,0
1486238189,75.20,0,0
1486238206,75.20,0,0
1486238223,75.20,0,0
1486238240,74.71,0,0
1486238256,74.05,0,0
1486238273,75.20,0,0
1486238290,75.20,0,0
1486238307,75.20,0,0
1486238324,75.20,0,0
1486238341,75.20,0,0
1486238358,75.20,0,0
1486238375,75.20,0,0
1486238392,75.20,0,0
1486238409,74.71,0,0
1486238426,75.20,0,0
1486238442,75.20,0,0
1486238459,75.20,0,0
1486238476,74.71,0,0
1486238493,75.20,0,0
1486238510,75.20,0,0
1486238527,74.05,0,0
1486238544,75.20,0,0
1486238561,75.20,0,0
1486238578,74.71,0,0
1486238595,75.20,0,0
1486238612,75.20,0,0
1486238628,74.71,0,0
1486238645,75.20,0,0
1486238662,75.20,0,0
1486238679,75.20,0,0
1486238696,75.20,0,0
1486238713,74.55,0,0
1486238730,74.55,0,0
1486238747,75.20,0,0
1486238764,74.55,0,0
1486238781,74.55,0,0
1486238797,74.55,0,0
1486238814,74.55,0,0
1486238831,74.55,0,0
1486238848,75.20,0,0
1486238865,75.20,0,0
1486238882,74.55,0,0
1486238899,74.55,0,0
1486238916,75.20,0,0
1486238933,74.55,0,0
1486238950,74.05,0,0
1486238966,75.20,0,0
1486238983,74.05,0,0
1486239000,75.20,0,0
1486239017,75.20,0,0
1486239034,74.55,0,0
1486239051,74.55,0,0
1486239068,74.55,0,0
1486239085,74.55,0,0
1486239102,75.20,0,0
1486239119,75.20,0,0
1486239135,74.55,0,0
1486239152,74.55,0,0
1486239169,74.55,0,0
1486239186,74.55,0,0
1486239203,74.55,0,0
1486239220,74.55,0,0
1486239237,74.55,0,0
1486239254,74.05,0,0
1486239271,74.55,0,0
1486239288,74.55,0,0
1486239304,74.55,0,0
1486239321,74.55,0,0
1486239338,74.55,0,0
1486239355,74.55,0,0
1486239372,74.05,0,0
1486239389,74.55,0,0
1486239406,74.05,0,0
1486239423,74.05,0,0
1486239440,74.05,0,0
1486239457,74.55,0,0
1486239474,74.55,0,0
1486239491,74.55,0,0
1486239507,74.05,0,0
1486239524,74.05,0,0
1486239541,74.55,0,0
1486239558,74.05,0,0
1486239575,74.05,0,0
1486239592,74.05,0,0
1486239609,74.05,0,0
1486239626,74.05,0,0
1486239643,74.55,0,0
1486239660,74.05,0,0
1486239677,74.55,0,0
1486239693,74.05,0,0
1486239710,74.05,0,0
1486239727,74.05,0,0
1486239744,74.05,0,0
1486239761,74.05,0,0
1486239778,74.05,0,0
1486239795,74.05,0,0
1486239812,74.05,0,0
1486239829,74.55,0,0
1486239846,74.05,0,0
1486239863,74.05,0,0
1486239879,74.05,0,0
1486239896,74.05,0,0
1486239913,74.05,0,0
1486239930,74.55,0,0
1486239947,74.55,0,0
1486239964,74.05,0,0
1486239981,73.89,0,0
1486239998,73.89,0,0
1486240015,73.89,0,0
1486240032,73.89,0,0
1486240049,73.89,0,0
1486240066,73.89,0,0
1486240082,73.89,0,0
1486240099,73.89,0,0
1486240116,73.89,0,0
1486240133,73.89,0,0
1486240150,73.89,0,0
1486240167,73.89,0,0
1486240184,73.40,0,0
1486240201,73.89,0,0
1486240218,73.89,0,0
1486240235,73.40,0,0
1486240252,73.89,0,0
1486240269,73.89,0,0
1486240285,73.89,0,0
1486240302,73.89,0,0
1486240319,73.89,0,0
1486240336,73.89,0,0
1486240353,73.89,0,0
1486240370,73.89,0,0
1486240387,73.89,0,0
1486240404,73.89,0,0
1486240421,73.89,0,0
1486240438,73.89,0,0
1486240455,73.89,0,0
1486240472,73.89,0,0
1486240488,73.89,0,0
1486240505,73.89,0,0
1486240522,73.89,0,0
1486240539,73.89,0,0
1486240556,73.89,0,0
1486240573,73.89,0,0
1486240590,73.89,0,0
1486240607,73.89,0,0
1486240624,73.89,0,0
1486240641,73.89,0,0
1486240658,73.89,0,0
1486240674,73.40,0,0
1486240691,73.89,0,0
1486240708,73.89,0,0
1486240725,73.89,0,0
1486240742,73.89,0,0
1486240759,73.89,0,0
1486240776,73.89,0,0
1486240793,73.89,0,0
1486240810,73.89,0,0
1486240827,73.89,0,0
1486240844,73.89,0,0
1486240861,73.89,0,0
1486240877,73.89,0,0
1486240894,73.89,0,0
1486240911,73.89,0,0
1486240928,73.40,0,0
1486240945,73.89,0,0
1486240962,73.89,0,0
1486240979,73.89,0,0
1486240996,73.89,0,0
1486241013,73.89,0,0
1486241030,73.89,0,0
1486241047,73.89,0,0
1486241064,73.89,0,0
1486241080,73.89,0,0
1486241097,73.89,0,0
1486241114,73.40,0,0
1486241131,73.40,0,0
1486241148,73.89,0,0
1486241165,73.89,0,0
1486241182,73.89,0,0
1486241199,73.40,0,0
1486241216,73.89,0,0
1486241233,73.89,0,0
1486241250,73.40,0,0
1486241267,73.89,0,0
1486241283,73.89,0,0
1486241300,73.40,0,0
1486241317,73.89,0,0
1486241334,73.40,0,0
1486241351,73.89,0,0
1486241368,73.89,0,0
1486241385,73.89,0,0
1486241402,73.40,0,0
1486241419,73.89,0,0
1486241436,73.23,0,0
1486241453,73.23,0,0
1486241470,73.89,0,0
1486241486,73.89,0,0
1486241503,72.74,0,0
1486241520,73.23,0,0
1486241537,73.23,0,0
1486241554,73.89,0,0
1486241571,72.74,0,0
1486241588,73.89,0,0
1486241605,73.89,0,0
1486241622,73.23,0,0
1486241639,73.89,0,0
1486241656,73.23,0,0
1486241673,73.89,0,0
1486241690,72.74,0,0
1486241706,72.74,0,0
1486241723,72.74,0,0
1486241740,73.89,0,0
1486241757,73.23,0,0
1486241774,72.74,0,0
1486241791,72.74,0,0
1486241808,72.74,0,0
1486241825,73.23,0,0
1486241842,73.23,0,0
1486241859,73.23,0,0
1486241876,73.23,0,0
1486241893,73.23,0,0
1486241910,73.23,0,0
1486241926,73.23,0,0
1486241943,73.23,0,0
1486241960,72.74,0,0
1486241977,73.23,0,0
1486241994,73.23,0,0
1486242011,73.89,0,0
1486242028,73.23,0,0
1486242045,73.23,0,0
1486242062,72.74,0,0
1486242079,72.74,0,0
1486242096,73.89,0,0
1486242113,73.23,0,0
1486242130,73.23,0,0
1486242146,72.74,0,0
1486242163,73.89,0,0
1486242180,72.74,0,0
1486242197,72.74,0,0
1486242214,72.74,0,0
1486242231,73.23,0,0
1486242248,72.74,0,0
1486242265,73.23,0,0
1486242282,72.74,0,0
1486242299,73.23,0,0
1486242316,73.23,0,0
1486242333,73.23,0,0
1486242349,72.74,0,0
1486242366,72.74,0,0
1486242383,73.23,0,0
1486242400,73.23,0,0
1486242417,73.23,0,0
1486242434,72.74,0,0
1486242451,72.74,0,0
1486242468,72.74,0,0
1486242485,72.74,0,0
1486242502,72.74,0,0
1486242519,72.74,0,0
1486242536,72.74,0,0
1486242552,72.74,0,0
1486242569,72.74,0,0
1486242586,72.74,0,0
1486242603,72.74,0,0
1486242620,72.74,0,0
1486242637,72.74,0,0
1486242654,72.74,0,0
1486242671,72.74,0,0
1486242688,72.74,0,0
1486242705,72.74,0,0
1486242722,72.74,0,0
1486242739,72.74,0,0
1486242756,72.74,0,0
1486242772,72.74,0,0
1486242789,73.23,0,0
1486242806,72.74,0,0
1486242823,72.74,0,0
1486242840,72.74,0,0
1486242857,72.74,0,0
1486242874,72.58,0,0
1486242891,72.58,0,0
1486242908,72.58,0,0
1486242925,72.58,0,0
1486242942,72.58,0,0
1486242959,73.23,0,0
1486242975,72.58,0,0
1486242992,72.58,0,0
1486243009,72.58,0,0
1486243026,72.58,0,0
1486243043,72.58,0,0
1486243060,72.58,0,0
1486243077,72.58,0,0
1486243094,72.58,0,0
1486243111,72.58,0,0
1486243128,72.58,0,0
1486243145,72.58,0,0
1486243161,72.58,0,0
1486243178,72.58,0,0
1486243195,72.58,0,0
1486243212,72.58,0,0
1486243229,72.58,0,0
1486243246,72.58,0,0
1486243263,72.58,0,0
1486243280,72.58,0,0
1486243297,72.58,0,0
1486243314,72.58,0,0
1486243331,72.58,0,0
1486243347,72.58,0,0
1486243364,72.58,0,0
1486243381,72.09,0,0
1486243398,72.58,0,0
1486243415,72.58,0,0
1486243432,72.58,0,0
1486243449,72.58,0,0
1486243466,72.58,0,0
1486243483,72.58,0,0
1486243500,72.58,0,0
1486243517,72.58,0,0
1486243533,72.58,0,0
1486243550,72.58,0,0
1486243567,72.58,0,0
1486243584,72.58,0,0
1486243601,72.58,0,0
1486243618,72.58,0,0
1486243635,72.58,0,0
1486243652,72.58,0,0
1486243669,72.58,0,0
1486243686,72.09,0,0
1486243703,72.58,0,0
1486243719,72.58,0,0
1486243736,72.58,0,0
1486243753,72.09,0,0
1486243770,72.09,0,0
1486243787,72.09,0,0
1486243804,72.09,0,0
1486243821,72.58,0,0
1486243838,72.58,0,0
1486243855,72.09,0,0
1486243872,72.58,0,0
1486243888,72.58,0,0
1486243905,72.58,0,0
1486243922,72.58,0,0
1486243939,72.58,0,0
1486243956,72.09,0,0
1486243973,72.58,0,0
1486243990,72.58,0,0
1486244007,72.58,0,0
1486244024,72.58,0,0
1486244041,72.58,0,0
1486244058,72.58,0,0
1486244074,72.09,0,0
1486244091,72.58,0,0
1486244108,72.09,0,0
1486244125,72.58,0,0
1486244142,72.58,0,0
1486244159,72.09,0,0
1486244176,72.58,0,0
1486244193,72.58,0,0
1486244210,71.43,0,0
1486244227,72.58,0,0
1486244244,72.58,0,0
1486244260,71.92,0,0
1486244277,72.58,0,0
1486244294,71.43,0,0
1486244311,71.92,0,0
1486244328,71.92,0,0
1486244345,71.92,0,0
1486244362,71.43,0,0
1486244379,71.92,0,0
1486244396,71.92,0,0
1486244413,71.92,0,0
1486244429,71.92,0,0
1486244446,71.92,0,0
1486244463,72.58,0,0
1486244480,71.92,0,0
1486244497,71.92,0,0
1486244514,71.43,0,0
1486244531,71.43,0,0
1486244548,72.58,0,0
1486244565,71.92,0,0
1486244582,71.92,0,0
1486244599,72.58,0,0
1486244615,71.92,0,0
1486244632,71.43,0,0
1486244649,71.92,0,0
1486244666,71.43,0,0
1486244683,71.92,0,0
1486244700,71.43,0,0
1486244717,71.43,0,0
1486244734,71.92,0,0
1486244751,72.58,0,0
1486244768,71.92,0,0
1486244785,71.92,0,0
1486244801,71.92,0,0
1486244818,71.92,0,0
1486244835,71.92,0,0
1486244852,71.43,0,0
1486244869,71.92,0,0
1486244886,71.43,0,0
1486244903,71.43,0,0
1486244920,71.43,0,0
1486244937,71.43,0,0
1486244954,71.43,0,0
1486244970,71.43,0,0
1486244987,71.92,0,0
1486245004,71.43,0,0
1486245021,71.92,0,0
1486245038,71.92,0,0
1486245055,71.92,0,0
1486245072,71.43,0,0
1486245089,71.43,0,0
1486245106,71.43,0,0
1486245123,71.43,0,0
1486245140,71.43,0,0
1486245157,71.92,0,0
1486245174,71.43,0,0
1486245190,71.43,0,0
1486245207,71.43,0,0
1486245224,71.43,0,0
1486245241,71.43,0,0
1486245258,71.43,0,0
1486245275,71.92,0,0
1486245292,71.43,0,0
1486245309,71.43,0,0
1486245326,71.43,0,0
1486245343,71.43,0,0
1486245360,71.43,0,0
1486245376,71.92,0,0
1486245393,71.43,0,0
1486245410,71.92,0,0
1486245427,71.43,0,0
1486245444,71.43,0,0
1486245461,71.43,0,0
1486245478,71.43,0,0
1486245495,71.43,0,0
1486245512,71.43,0,0
1486245529,71.92,0,0
1486245546,71.43,0,0
1486245563,71.43,0,0
1486245579,71.92,0,0
1486245596,71.43,0,0
1486245613,71.43,0,0
1486245630,71.43,0,0
1486245647,71.43,0,0
1486245664,71.43,0,0
1486245681,71.92,0,0
1486245698,71.43,0,0
1486245715,71.92,0,0
1486245732,71.27,0,0
1486245749,71.27,0,0
1486245766,71.27,0,0
1486245782,71.27,0,0
1486245799,71.27,0,0
1486245816,71.27,0,0
1486245833,71.27,0,0
1486245850,71.27,0,0
1486245867,71.27,0,0
1486245884,70.77,0,0
1486245901,71.27,0,0
1486245918,71.27,0,0
1486245935,71.27,0,0
1486245952,71.27,0,0
1486245969,71.27,0,0
1486245985,71.27,0,0
1486246002,71.27,0,0
1486246019,71.27,0,0
1486246036,71.27,0,0
1486246053,71.27,0,0
1486246070,71.27,0,0
1486246087,71.27,0,0
1486246104,71.27,0,0
1486246121,71.27,0,0
1486246138,71.27,0,0
1486246155,71.27,0,0
1486246172,70.77,0,0
1486246189,71.27,0,0
1486246205,71.27,0,0
1486246222,71.27,0,0
1486246239,71.27,0,0
1486246256,71.27,0,0
1486246273,71.27,0,0
1486246290,71.27,0,0
1486246307,71.27,0,0
1486246324,71.27,0,0
1486246341,71.27,0,0
1486246358,71.27,0,0
1486246375,71.27,0,0
1486246392,71.27,0,0
1486246409,71.27,0,0
1486246425,71.27,0,0
1486246442,71.27,0,0
1486246459,71.27,0,0
1486246476,71.27,0,0
1486246493,71.27,0,0
1486246510,71.27,0,0
1486246527,71.27,0,0
1486246544,71.27,0,0
1486246561,71.27,0,0
1486246578,71.27,0,0
1486246595,71.27,0,0
1486246612,71.27,0,0
1486246628,71.27,0,0
1486246645,71.27,0,0
1486246662,71.27,0,0
1486246679,70.77,0,0
1486246696,70.77,0,0
1486246713,71.27,0,0
1486246730,71.27,0,0
1486246747,71.27,0,0
1486246764,71.27,0,0
1486246781,71.27,0,0
1486246798,71.27,0,0
1486246815,70.77,0,0
1486246832,71.27,0,0
1486246849,70.77,0,0
1486246865,71.27,0,0
1486246882,71.27,0,0
1486246899,71.27,0,0
1486246916,71.27,0,0
1486246933,70.77,0,0
1486246950,71.27,0,0
1486246967,71.27,0,0
1486246984,70.12,0,0
1486247001,70.77,0,0
1486247018,71.27,0,0
1486247035,70.12,0,0
1486247052,70.77,0,0
1486247069,70.77,0,0
1486247085,71.27,0,0
1486247102,70.77,0,0
1486247119,71.27,0,0
1486247136,70.61,0,0
1486247153,71.27,0,0
1486247170,70.61,0,0
1486247187,70.61,0,0
1486247204,71.27,0,0
1486247221,70.61,0,0
1486247238,70.61,0,0
1486247255,70.12,0,0
1486247272,70.61,0,0
1486247289,71.27,0,0
1486247305,70.61,0,0
1486247322,70.61,0,0
1486247339,70.61,0,0
1486247356,70.61,0,0
1486247373,70.61,0,0
1486247390,70.12,0,0
1486247407,70.61,0,0
1486247424,70.61,0,0
1486247441,70.61,0,0
1486247458,70.61,0,0
1486247475,70.12,0,0
1486247492,70.61,0,0
1486247508,70.12,0,0
1486247525,70.12,0,0
1486247542,70.12,0,0
1486247559,70.12,0,0
1486247576,70.12,0,0
1486247593,71.27,0,0
1486247610,71.27,0,0
1486247627,70.61,0,0
1486247644,70.61,0,0
1486247661,70.61,0,0
1486247678,70.61,0,0
1486247695,70.61,0,0
1486247711,70.61,0,0
1486247728,70.12,0,0
1486247745,70.12,0,0
1486247762,70.12,0,0
1486247779,70.12,0,0
1486247796,70.12,0,0
1486247813,70.61,0,0
1486247830,70.61,0,0
1486247847,70.12,0,0
1486247864,70.12,0,0
1486247881,70.12,0,0
1486247897,70.12,0,0
1486247914,70.12,0,0
1486247931,70.12,0,0
1486247948,70.12,0,0
1486247965,70.12,0,0
1486247982,70.12,0,0
1486247999,70.12,0,0
1486248016,70.12,0,0
1486248033,70.61,0,0
1486248050,70.12,0,0
1486248066,70.12,0,0
1486248083,70.12,0,0
1486248100,70.61,0,0
1486248117,70.12,0,0
1486248134,70.12,0,0
1486248151,70.12,0,0
1486248168,70.12,0,0
1486248185,70.12,0,0
1486248202,70.12,0,0
1486248219,70.12,0,0
1486248236,70.12,0,0
1486248252,70.61,0,0
1486248269,70.61,0,0
1486248286,70.12,0,0
1486248303,70.12,0,0
1486248320,70.12,0,0
1486248337,70.12,0,0
1486248354,70.12,0,0
1486248371,70.12,0,0
1486248388,70.12,0,0
1486248405,70.12,0,0
1486248422,70.12,0,0
1486248438,70.12,0,0
1486248455,70.12,0,0
1486248472,70.12,0,0
1486248489,70.12,0,0
1486248506,70.12,0,0
1486248523,70.12,0,0
1486248540,70.12,0,0
1486248557,70.12,0,0
1486248574,70.12,0,0
1486248591,70.12,0,0
1486248607,69.95,0,0
1486248624,69.95,0,0
1486248641,69.95,0,0
1486248658,69.95,0,0
1486248675,69.95,0,0
1486248692,69.95,0,0
1486248709,69.95,0,0
1486248726,69.95,0,0
1486248743,69.95,0,0
1486248759,69.95,0,0
1486248776,69.95,0,0
1486248793,69.95,0,0
1486248810,69.95,0,0
1486248827,69.95,0,0
1486248844,69.95,0,0
1486248861,69.95,0,0
1486248878,69.95,0,0
1486248895,69.95,0,0
1486248912,69.95,0,0
1486248929,69.95,0,0
1486248945,69.95,0,0
1486248962,69.95,0,0
1486248979,69.95,0,0
1486248996,69.95,0,0
1486249013,69.95,0,0
1486249030,69.95,0,0
1486249047,69.46,0,0
1486249064,69.95,0,0
1486249081,69.95,0,0
1486249098,69.95,0,0
1486249114,69.95,0,0
1486249131,69.95,0,0
1486249148,69.95,0,0
1486249165,69.95,0,0
1486249182,69.95,0,0
1486249199,69.95,0,0
1486249216,69.95,0,0
1486249233,69.95,0,0
1486249250,69.46,0,0
1486249267,69.95,0,0
1486249284,69.95,0,0
1486249300,69.95,0,0
1486249317,69.95,0,0
1486249334,69.95,0,0
1486249351,69.46,0,0
1486249368,69.95,0,0
1486249385,69.46,0,0
1486249402,69.46,0,0
1486249419,69.95,0,0
1486249436,69.95,0,0
1486249453,69.95,0,0
1486249470,69.95,0,0
1486249486,69.95,0,0
1486249503,69.95,0,0
1486249520,69.95,0,0
1486249537,69.95,0,0
1486249554,69.95,0,0
1486249571,69.95,0,0
1486249588,69.95,0,0
1486249605,69.46,0,0
1486249622,69.46,0,0
1486249639,69.95,0,0
1486249656,69.46,0,0
1486249672,69.46,0,0
1486249689,69.95,0,0
1486249706,69.95,0,0
1486249723,69.95,0,0
1486249740,69.95,0,0
1486249757,69.46,0,0
1486249774,69.95,0,0
1486249791,69.95,0,0
1486249808,69.46,0,0
1486249825,69.95,0,0
1486249842,69.95,0,0
1486249858,69.46,0,0
1486249875,69.46,0,0
1486249892,69.46,0,0
1486249909,69.46,0,0
1486249926,69.46,0,0
1486249943,69.95,0,0
1486249960,69.46,0,0
1486249977,69.46,0,0
1486249994,69.46,0,0
1486250011,68.80,0,0
1486250028,69.95,0,0
1486250045,69.46,0,0
1486250061,69.46,0,0
1486250078,68.80,0,0
1486250095,69.46,0,0
1486250112,69.95,0,0
1486250129,69.95,0,0
1486250146,69.30,0,0
1486250163,69.30,0,0
1486250180,69.30,0,0
1486250197,69.30,0,0
1486250214,68.80,0,0
1486250231,69.30,0,0
1486250248,69.30,0,0
1486250264,69.30,0,0
1486250281,68.80,0,0
1486250298,69.30,0,0
1486250315,69.30,0,0
1486250332,68.80,0,0
1486250349,69.30,0,0
1486250366,69.30,0,0
1486250383,69.30,0,0
1486250400,68.80,0,0
1486250417,68.80,0,0
1486250434,69.30,0,0
1486250451,69.30,0,0
1486250467,69.30,0,0
1486250484,69.30,0,0
1486250501,68.80,0,0
1486250518,68.80,0,0
1486250535,68.80,0,0
1486250552,69.30,0,0
1486250569,68.80,0,0
1486250586,68.80,0,0
1486250603,69.30,0,0
1486250620,68.80,0,0
1486250637,68.80,0,0
1486250654,68.80,0,0
1486250671,68.80,0,0
1486250687,69.30,0,0
1486250704,68.80,0,0
1486250721,69.30,0,0
1486250738,68.80,0,0
1486250755,68.80,0,0
1486250772,69.30,0,0
1486250789,68.80,0,0
1486250806,69.30,0,0
1486250823,68.80,0,0
1486250840,69.30,0,0
1486250857,68.80,0,0
1486250874,68.80,0,0
1486250890,68.80,0,0
1486250907,68.80,0,0
1486250924,69.30,0,0
1486250941,68.80,0,0
1486250958,69.30,0,0
1486250975,68.80,0,0
1486250992,68.80,0,0
1486251009,68.80,0,0
1486251026,68.80,0,0
1486251043,68.80,0,0
1486251060,68.80,0,0
1486251077,69.30,0,0
1486251094,68.80,0,0
1486251110,68.80,0,0
1486251127,68.80,0,0
1486251144,68.80,0,0
1486251161,68.80,0,0
1486251178,68.80,0,0
1486251195,68.80,0,0
1486251212,68.80,0,0
1486251229,68.80,0,0
1486251246,68.80,0,0
1486251263,68.80,0,0
1486251280,68.80,0,0
1486251297,68.80,0,0
1486251314,68.80,0,0
1486251331,68.80,0,0
1486251347,68.80,0,0
1486251364,68.80,0,0
1486251381,68.80,0,0
1486251398,68.80,0,0
1486251415,68.80,0,0
1486251432,68.80,0,0
1486251449,68.80,0,0
1486251466,68.80,0,0
1486251483,68.80,0,0
1486251500,68.80,0,0
1486251517,68.80,0,0
1486251534,68.80,0,0
1486251550,68.64,0,0
1486251567,68.64,0,0
1486251584,68.80,0,0
1486251601,68.64,0,0
1486251618,68.64,0,0
1486251635,68.64,0,0
1486251652,68.64,0,0
1486251669,68.64,0,0
1486251686,68.64,0,0
1486251703,68.64,0,0
1486251720,68.64,0,0
1486251737,68.64,0,0
1486251753,68.64,0,0
1486251770,68.64,0,0
1486251787,68.64,0,0
1486251804,68.64,0,0
1486251821,68.64,0,0
1486251838,68.64,0,0
1486251855,68.64,0,0
1486251872,68.64,0,0
1486251889,68.64,0,0
1486251906,68.64,0,0
1486251922,68.64,0,0
1486251939,68.64,0,0
1486251956,68.64,0,0
1486251973,68.17,0,0
1486251990,68.17,0,0
1486252007,68.64,0,0
1486252024,68.64,0,0
1486252041,68.64,0,0
1486252058,68.64,0,0
1486252075,68.64,0,0
1486252092,68.64,0,0
1486252108,68.64,0,0
1486252125,68.64,0,0
1486252142,68.64,0,0
1486252159,68.64,0,0
1486252176,68.64,0,0
1486252193,68.64,0,0
1486252210,68.64,0,0
1486252227,68.64,0,0
1486252244,68.64,0,0
1486252261,68.64,0,0
1486252277,68.64,0,0
1486252294,68.64,0,0
1486252311,68.64,0,0
1486252328,68.64,0,0
1486252345,68.64,0,0
1486252362,68.64,0,0
1486252379,68.64,0,0
1486252396,68.64,0,0
1486252413,68.64,0,0
1486252430,68.17,0,0
1486252446,68.64,0,0
1486252463,68.64,0,0
1486252480,68.17,0,0
1486252497,68.17,0,0
1486252514,68.17,0,0
1486252531,68.64,0,0
1486252548,68.64,0,0
1486252565,68.64,0,0
1486252582,68.17,0,0
1486252599,68.64,0,0
1486252616,68.64,0,0
1486252632,68.17,0,0
1486252649,68.64,0,0
1486252666,68.64,0,0
1486252683,68.64,0,0
1486252700,68.64,0,0
1486252717,68.17,0,0
1486252734,68.17,0,0
1486252751,68.17,0,0
1486252768,68.17,0,0
1486252784,67.59,0,0
1486252801,68.64,0,0
1486252818,68.17,0,0
1486252835,68.64,0,0
1486252852,68.17,0,0
1486252869,68.64,0,0
1486252886,68.17,0,0
1486252903,68.64,0,0
1486252920,68.17,0,0
1486252937,67.59,0,0
1486252953,68.17,0,0
1486252970,68.17,0,0
1486252987,68.64,0,0
1486253004,67.59,0,0
1486253021,67.59,0,0
1486253038,68.17,0,0
1486253055,68.17,0,0
1486253072,68.02,0,0
1486253089,68.17,0,0
1486253106,68.02,0,0
1486253122,68.02,0,0
1486253139,68.02,0,0
1486253156,68.02,0,0
1486253173,68.64,0,0
1486253190,68.02,0,0
1486253207,68.02,0,0
1486253224,68.02,0,0
1486253241,67.59,0,0
1486253258,67.59,0,0
1486253275,68.64,0,0
1486253292,67.59,0,0
1486253308,68.02,0,0
1486253325,68.02,0,0
1486253342,67.59,0,0
1486253359,68.64,0,0
1486253376,68.02,0,0
1486253393,68.02,0,0
1486253410,68.02,0,0
1486253427,68.02,0,0
1486253444,68.02,0,0
1486253461,67.59,0,0
1486253477,68.02,0,0
1486253494,67.59,0,0
1486253511,67.59,0,0
1486253528,68.02,0,0
1486253545,68.02,0,0
1486253562,67.59,0,0
1486253579,67.59,0,0
1486253596,67.59,0,0
1486253613,68.02,0,0
1486253630,68.02,0,0
1486253647,68.02,0,0
1486253663,67.59,0,0
1486253680,68.02,0,0
1486253697,68.02,0,0
1486253714,68.02,0,0
1486253731,67.59,0,0
1486253748,68.02,0,0
1486253765,67.59,0,0
1486253782,67.59,0,0
1486253799,67.59,0,0
1486253816,67.59,0,0
1486253832,67.59,0,0
1486253849,67.59,0,0
1486253866,67.59,0,0
1486253883,67.59,0,0
1486253900,67.59,0,0
1486253917,67.59,0,0
1486253934,68.02,0,0
1486253951,67.59,0,0
1486253968,67.59,0,0
1486253985,67.59,0,0
1486254002,67.59,0,0
1486254018,67.59,0,0
1486254035,67.59,0,0
1486254052,67.59,0,0
1486254069,67.59,0,0
1486254086,68.02,0,0
1486254103,67.59,0,0
1486254120,67.59,0,0
1486254137,67.59,0,0
1486254154,67.59,0,0
1486254171,67.59,0,0
1486254188,67.59,0,0
1486254205,67.59,0,0
1486254222,67.59,0,0
1486254238,67.59,0,0
1486254255,67.59,0,0
1486254272,67.59,0,0
1486254289,67.59,0,0
1486254306,67.59,0,0
1486254323,67.59,0,0
1486254340,67.59,0,0
1486254357,67.59,0,0
1486254374,67.59,0,0
1486254391,67.59,0,0
1486254408,67.59,0,0
1486254424,67.59,0,0
1486254441,67.59,0,0
1486254458,67.59,0,0
1486254475,67.59,0,0
1486254492,67.59,0,0
1486254509,67.59,0,0
1486254526,67.59,0,0
1486254543,67.59,0,0
1486254560,67.59,0,0
1486254577,67.59,0,0
1486254594,67.59,0,0
1486254611,67.59,0,0
1486254627,67.59,0,0
1486254644,67.59,0,0
1486254661,67.59,0,0
1486254678,67.59,0,0
1486254695,67.59,0,0
1486254712,67.59,0,0
1486254729,67.45,0,0
1486254746,67.45,0,0
1486256865,68.17,0,0
1486256881,68.02,0,0
1486256898,67.59,0,0
1486256915,67.59,0,0
1486256932,67.59,0,0
1486256949,67.45,0,0
1486256966,67.45,0,0
1486256983,67.45,0,0
1486257000,67.45,0,0
1486257017,67.45,0,0
1486257034,67.45,0,0
1486257051,67.45,0,0
1486257068,67.45,0,0
1486257085,67.45,0,0
1486257102,67.45,0,0
1486257119,67.45,0,0
1486257136,67.45,0,0
1486257153,67.01,0,0
1486257170,67.45,0,0
1486257186,67.01,0,0
1486257203,67.45,0,0
1486257220,67.45,0,0
1486257237,67.01,0,0
1486257254,67.45,0,0
1486257271,67.45,0,0
1486257288,67.45,0,0
1486257305,67.45,0,0
1486257322,67.45,0,0
1486257339,67.45,0,0
1486257356,67.45,0,0
1486257373,67.45,0,0
1486257390,67.45,0,0
1486257407,67.45,0,0
1486257424,67.45,0,0
1486257440,67.45,0,0
1486257457,67.45,0,0
1486257474,67.45,0,0
1486257491,67.45,0,0
1486257508,67.01,0,0
1486257525,67.45,0,0
1486257542,67.01,0,0
1486257559,67.01,0,0
1486257576,67.45,0,0
1486257593,67.45,0,0
1486257610,67.45,0,0
1486257627,67.01,0,0
1486257644,67.45,0,0
1486257661,67.45,0,0
1486257677,67.45,0,0
1486257694,67.45,0,0
1486257711,67.45,0,0
1486257728,66.43,0,0
1486257745,67.45,0,0
1486257762,67.45,0,0
1486257779,67.45,0,0
1486257796,67.45,0,0
1486257813,67.01,0,0
1486257830,67.45,0,0
1486257847,67.01,0,0
1486257864,67.01,0,0
1486257881,67.45,0,0
1486257898,67.01,0,0
1486257914,67.01,0,0
1486257931,67.01,0,0
1486257948,67.01,0,0
1486257965,67.01,0,0
1486257982,67.45,0,0
1486257999,67.01,0,0
1486258016,67.45,0,0
1486258033,67.01,0,0
1486258050,67.01,0,0
1486258067,66.43,0,0
1486258084,67.01,0,0
1486258101,67.01,0,0
1486258118,67.01,0,0
1486258134,67.01,0,0
1486258151,66.43,0,0
1486258168,66.43,0,0
1486258185,67.01,0,0
1486258202,67.01,0,0
1486258219,66.43,0,0
1486258236,66.43,0,0
1486258253,67.01,0,0
1486258270,67.01,0,0
1486258287,66.43,0,0
1486258304,67.01,0,0
1486258321,66.43,0,0
1486258338,67.01,0,0
1486258354,66.43,0,0
1486258371,67.01,0,0
1486258388,67.01,0,0
1486258405,66.87,0,0
1486258422,66.87,0,0
1486258439,67.45,0,0
1486258456,66.87,0,0
1486258473,67.45,0,0
1486258490,66.87,0,0
1486258507,66.87,0,0
1486258524,66.43,0,0
1486258541,66.87,0,0
1486258558,66.43,0,0
1486258575,66.43,0,0
1486258591,66.87,0,0
1486258608,66.43,0,0
1486258625,66.43,0,0
1486258642,66.43,0,0
1486258659,66.43,0,0
1486258676,66.87,0,0
1486258693,66.87,0,0
1486258710,66.43,0,0
1486258727,66.43,0,0
1486258744,66.43,0,0
1486258761,66.87,0,0
1486258778,66.87,0,0
1486258795,66.87,0,0
1486258812,66.43,0,0
1486258828,66.43,0,0
1486258845,66.43,0,0
1486258862,66.43,0,0
1486258879,66.43,0,0
1486258896,66.43,0,0
1486258913,66.43,0,0
1486258930,66.43,0,0
1486258947,66.43,0,0
1486258964,66.87,0,0
1486258981,66.43,0,0
1486258998,66.43,0,0
1486259015,66.43,0,0
1486259032,66.43,0,0
1486259048,66.43,0,0
1486259065,66.43,0,0
1486259082,66.43,0,0
1486259099,66.43,0,0
1486259116,66.43,0,0
1486259133,66.87,0,0
1486259150,66.43,0,0
1486259167,66.43,0,0
1486259184,66.43,0,0
1486259201,66.43,0,0
1486259218,66.87,0,0
1486259235,66.43,0,0
1486259252,66.43,0,0
1486259269,66.87,0,0
1486259285,66.87,0,0
1486259302,66.43,0,0
1486259319,66.43,0,0
1486259336,66.87,0,0
1486259353,66.43,0,0
1486259370,66.43,0,0
1486259387,66.43,0,0
1486259404,66.43,0,0
1486259421,66.43,0,0
1486259438,66.43,0,0
1486259455,66.43,0,0
1486259472,66.43,0,0
1486259489,66.43,0,0
1486259505,66.43,0,0
1486259522,66.43,0,0
1486259539,66.43,0,0
1486259556,66.43,0,0
1486259573,66.43,0,0
1486259590,66.43,0,0
1486259607,66.43,0,0
1486259624,66.43,0,0
1486259641,66.43,0,0
1486259658,66.43,0,0
1486259675,66.43,0,0
1486259692,66.43,0,0
1486259709,66.43,0,0
1486259725,66.43,0,0
1486259742,66.43,0,0
1486259759,66.43,0,0
1486259776,66.43,0,0
1486259793,66.43,0,0
1486259810,66.43,0,0
1486259827,66.43,0,0
1486259844,66.43,0,0
1486259861,66.43,0,0
1486259878,66.43,0,0
1486259895,66.43,0,0
1486259912,66.43,0,0
1486259929,66.43,0,0
1486259945,66.29,0,0
1486259962,66.43,0,0
1486259979,65.86,0,0
1486259996,66.29,0,0
1486260013,66.29,0,0
1486260030,66.29,0,0
1486260047,66.29,0,0
1486260064,66.29,0,0
1486260081,66.29,0,0
1486260098,65.86,0,0
1486260115,66.29,0,0
1486260132,66.29,0,0
1486260149,66.29,0,0
1486260166,66.29,0,0
1486260183,66.29,0,0
1486260207,62.39,0,0
1486260251,66.43,0,0
1486260383,66.29,0,0
1486260393,66.29,1,0
1486260522,66.00,1,1
1486260522,66.00,1,1
1486260642,65.86,1,0
1486260652,65.86,1,0
1486260781,65.57,1,1
1486260781,65.57,1,1
1486260901,65.28,1,0
1486260911,65.28,1,0
1486261040,65.13,1,1
1486261040,65.13,1,1
1486261161,64.84,1,0
1486261171,64.84,1,0
1486261299,64.70,1,1
1486261299,64.70,1,1
1486261420,64.55,1,0
1486261430,64.55,1,0
1486261559,64.27,1,1
1486261559,64.27,1,1
1486261679,64.12,1,0
1486290873,64.12,0,0
1486291002,64.12,0,1
1486291002,64.12,0,1
1486291123,64.27,0,0
1486291133,64.27,0,0
1486291261,64.27,0,1
1486291261,64.27,0,1
1486291382,64.27,0,0
1486291392,64.27,0,0
1486291521,64.27,0,1
1486291521,64.27,0,1
1486291641,64.27,0,0
1486291651,64.27,0,0
1486291780,64.27,0,1
1486291780,64.27,0,1
1486291900,64.27,0,0
1486291910,64.27,0,0
1486292039,64.27,0,1
1486292039,64.27,0,1
1486292160,64.27,0,0
1486292170,64.27,1,0
1486292299,64.12,1,1
1486292299,64.12,1,1
1486292420,63.83,1,0
1486292430,63.83,1,0
1486292559,63.69,1,1
1486292834,63.25,1,1
1486292955,63.11,1,0
1486292965,63.11,1,0
1486293094,62.96,1,1
1486293094,62.96,1,1
1486293214,62.96,1,0
1486293224,62.96,1,0
1486293353,62.82,1,1
1486293353,62.82,1,1
1486293473,62.68,1,0
1486293560,62.68,0,0
1486293689,62.82,0,1
1486293689,62.82,0,1
1486293810,62.96,0,0
1486293820,62.96,0,0
1486293948,63.11,0,1
1486293948,63.11,0,1
1486294069,63.11,0,0
1486294079,63.11,0,0
1486294208,63.25,0,1
1486294208,63.25,0,1
1486294328,63.25,0,0
1486294338,63.25,0,0
1486294467,63.40,0,1
1486294467,63.40,0,1
1486294587,63.40,0,0
1486294597,63.40,0,0
1486294726,63.54,0,1
1486294726,63.54,0,1
1486294847,63.54,0,0
1486294857,63.54,1,0
1486294986,63.40,1,1
1486294986,63.40,1,1
1486295106,63.25,1,0
1486295116,63.25,1,0
1486295245,63.11,1,1
1486295245,63.11,1,1
1486295365,62.96,1,0
1486295375,62.96,1,0
1486295504,62.82,1,1
1486295504,62.82,1,1
1486295625,62.68,1,0
1486295635,62.68,1,0
1486295763,62.53,1,1
1486295763,62.53,1,1
1486295884,62.39,1,0
1486295894,62.39,1,0
1486296023,62.39,1,1
1486296023,62.39,1,1
1486296143,62.24,1,0
1486296121,62.24,0,0
1486296250,62.24,0,1
1486296250,62.24,0,1
1486296370,62.39,0,0
1486296380,62.39,0,0
1486296509,62.39,0,1
1486296509,62.39,0,1
1486296630,62.53,0,0
1486296640,62.53,0,0
1486296769,62.53,0,1
1486296769,62.53,0,1
1486296889,62.68,0,0
1486296899,62.68,0,0
1486297028,62.68,0,1
1486297028,62.68,0,1
1486297148,62.82,0,0
1486297158,62.82,0,0
1486297287,62.82,0,1
1486297287,62.82,0,1
1486297408,62.82,0,0
1486297418,62.82,1,0
1486297546,62.68,1,1
1486297546,62.68,1,1
1486297667,62.53,1,0
1486297677,62.53,1,0
1486297806,62.39,1,1
1486297806,62.39,1,1
1486297926,62.24,1,0
1486297936,62.24,1,0
1486298065,62.10,1,1
1486298065,62.10,1,1
1486298185,61.95,1,0
1486298195,61.95,1,0
1486298324,61.81,1,1
1486298324,61.81,1,1
1486298445,61.66,1,0
1486298455,61.66,1,0
1486298584,61.52,1,1
1486298584,61.52,1,1
1486298704,61.38,1,0
1486298681,61.38,0,0
1486298810,61.52,0,1
1486298810,61.52,0,1
1486298930,61.52,0,0
1486298940,61.52,0,0
1486299069,61.66,0,1
1486299069,61.66,0,1
1486299190,61.66,0,0
1486299200,61.66,0,0
1486299328,61.81,0,1
1486299328,61.81,0,1
1486299449,61.81,0,0
1486299459,61.81,0,0
1486299588,61.81,0,1
1486299588,61.81,0,1
1486299708,61.95,0,0
1486299718,61.95,0,0
1486299847,61.95,0,1
1486299847,61.95,0,1
1486299968,61.95,0,0
1486299978,61.95,1,0
1486300106,61.81,1,1
1486300106,61.81,1,1
1486300227,61.66,1,0
1486300237,61.66,1,0
1486300366,61.52,1,1
1486300366,61.52,1,1
1486300486,61.38,1,0
1486300496,61.38,1,0
1486300625,61.06,1,1
1486300625,61.06,1,1
1486300745,61.06,1,0
1486300756,61.06,1,0
1486300884,60.74,1,1
1486300884,60.74,1,1
1486301005,60.74,1,0
1486301015,60.74,1,0
1486301144,60.43,1,1
1486301144,60.43,1,1
1486301264,60.43,1,0
1486301369,60.43,0,0
1486301498,60.43,0,1
1486301498,60.43,0,1
1486301618,60.43,0,0
1486301628,60.43,0,0
1486301757,60.43,0,1
1486301757,60.43,0,1
1486301878,60.43,0,0
1486301888,60.43,0,0
1486302016,60.43,0,1
1486302016,60.43,0,1
1486302137,60.43,0,0
1486302147,60.43,0,0
1486302276,60.74,0,1
1486302276,60.74,0,1
1486302396,60.74,0,0
1486302406,60.74,0,0
1486302535,60.74,0,1
1486302535,60.74,0,1
1486302655,60.74,0,0
1486302665,60.74,1,0
1486302794,60.43,1,1
1486302794,60.43,1,1
1486302915,60.43,1,0
1486302925,60.43,1,0
1486303054,60.11,1,1
1486303054,60.11,1,1
1486303174,60.11,1,0
1486303184,59.79,1,0
1486303313,59.79,1,1
1486303964,57.58,1,1
1486304085,57.26,1,0
1486304058,57.26,0,0
1486304186,57.26,0,1
1486304186,57.26,0,1
1486304307,57.26,0,0
1486304317,57.26,0,0
1486304446,57.26,0,1
1486304446,57.26,0,1
1486304566,57.58,0,0
1486304576,57.58,0,0
1486304705,57.58,0,1
1486304705,57.58,0,1
1486304826,57.58,0,0
1486304836,57.58,0,0
1486304964,57.58,0,1
1486304964,57.58,0,1
1486305085,57.58,0,0
1486305095,57.58,0,0
1486305224,57.58,0,1
1486305224,57.58,0,1
1486305344,57.58,0,0
1486305354,57.58,1,0
1486305483,57.58,1,1
1486305483,57.58,1,1
1486305603,57.26,1,0
1486305613,57.26,1,0
1486305742,56.95,1,1
1486305742,56.95,1,1
1486305863,56.63,1,0
1486305873,56.63,1,0
1486306001,56.63,1,1
1486306001,56.63,1,1
1486306122,56.31,1,0
1486306132,56.31,1,0
1486306261,56.00,1,1
1486306261,56.00,1,1
1486306381,56.00,1,0
1486306391,56.00,1,0
1486306520,55.68,1,1
1486306520,55.68,1,1
1486306640,55.36,1,0
1486306651,55.36,1,0
1486306779,55.05,1,1
1486306779,55.05,1,1
1486306900,55.05,1,0
1486306910,55.05,1,0
1486307039,54.73,1,1
1486307039,54.73,1,1
1486307159,54.41,1,0
1486307169,54.41,1,0
1486307298,54.41,1,1
1486307298,54.41,1,1
1486307418,54.10,1,0
1486307428,54.10,1,0
1486307557,53.78,1,1
1486307557,53.78,1,1
1486307678,53.78,1,0
1486307688,53.78,1,0
1486307816,53.46,1,1
1486307816,53.46,1,1
1486307937,53.08,1,0
1486307947,53.08,1,0
1486308076,53.08,1,1
1486308076,53.08,1,1
1486308196,52.70,1,0
1486308154,52.70,0,0
1486308283,52.70,0,1
1486308283,52.70,0,1
1486308403,52.70,0,0
1486308413,52.70,0,0
1486308542,52.70,0,1
1486308542,52.70,0,1
1486308663,52.70,0,0
1486308673,52.70,0,0
1486308802,52.70,0,1
1486308802,52.70,0,1
1486308922,53.08,0,0
1486308932,53.08,0,0
1486309061,53.08,0,1
1486309061,53.08,0,1
1486309181,53.08,0,0
1486309191,53.08,0,0
1486309320,53.08,0,1
1486309320,53.08,0,1
1486309441,53.08,0,0
1486309451,53.08,1,0
1486309579,52.70,1,1
1486309579,52.70,1,1
1486309700,52.70,1,0
1486309710,52.70,1,0
1486309839,52.31,1,1
1486309839,52.31,1,1
1486309959,51.93,1,0
1486309969,51.93,1,0
1486310098,51.93,1,1
1486310098,51.93,1,1
1486310218,51.55,1,0
1486310228,51.55,1,0
1486310357,51.16,1,1
1486310357,51.16,1,1
1486310478,51.16,1,0
1486310488,51.16,1,0
1486310617,50.78,1,1
1486311662,47.71,1,1
1486311783,47.32,1,0
1486311793,47.32,1,0
1486311921,46.91,1,1
1486311921,46.91,1,1
1486312042,46.50,1,0
1486312052,46.50,1,0
1486312181,46.50,1,1
1486312181,46.50,1,1
1486312301,46.10,1,0
1486312311,46.10,1,0
1486312440,45.69,1,1
1486312440,45.69,1,1
1486312560,45.69,1,0
1486312570,45.69,1,0
1486312699,45.28,1,1
1486312699,45.28,1,1
1486312820,45.28,1,0
1486312830,44.87,1,0
1486312959,44.87,1,1
1486312959,44.87,1,1
1486313079,44.46,1,0
1486313145,44.46,0,0
1486313274,44.46,0,1
1486313274,44.46,0,1
1486313394,44.46,0,0
1486313404,44.46,0,0
1486313533,44.46,0,1
1486313533,44.46,0,1
1486313654,44.46,0,0
1486313664,44.46,0,0
1486313792,44.46,0,1
1486313792,44.46,0,1
1486313913,44.46,0,0
1486313923,44.46,0,0
1486314617,42.00,0,0
1486314748,42.00,0,0
1486314759,42.00,1,0
1486314887,41.59,1,1
1486315161,40.82,1,1
1486315281,40.82,1,0
1486315291,40.82,1,0
1486315420,40.46,1,1
1486315420,40.46,1,1
1486315569,40.11,1,0
1486315579,40.11,1,0
1486315708,39.75,1,1
1486315708,39.75,1,1
1486315828,39.38,1,0
1486315832,39.38,0,0
1486315961,39.38,0,1
1486315961,39.38,0,1
1486316081,39.38,0,0
1486316091,39.38,0,0
1486316220,39.38,0,1
1486316220,39.38,0,1
1486316341,39.38,0,0
1486316351,39.38,0,0
1486316479,39.38,0,1
1486316479,39.38,0,1
1486316600,39.38,0,0
1486316610,39.38,0,0
1486316739,39.38,0,1
1486316739,39.38,0,1
1486316859,39.38,0,0
1486316869,39.38,0,0
1486316998,39.38,0,1
1486316998,39.38,0,1
1486317118,39.38,0,0
1486317128,39.38,1,0
1486317257,39.38,1,1
1486317257,39.38,1,1
1486317378,39.02,1,0
1486317388,39.02,1,0
1486317517,38.66,1,1
1486317517,38.66,1,1
1486317637,38.66,1,0
1486317647,38.66,1,0
1486317776,38.30,1,1
1486317776,38.30,1,1
1486317896,37.94,1,0
1486317906,37.94,1,0
1486318035,37.58,1,1
1486318035,37.58,1,1
1486318156,37.58,1,0
1486318166,37.58,1,0
1486318294,37.22,1,1
1486318294,37.22,1,1
1486318415,36.86,1,0
1486318394,36.86,0,0
1486318523,36.86,0,1
1486318523,36.86,0,1
1486318643,36.86,0,0
1486318653,36.86,0,0
1486318782,36.86,0,1
1486318782,36.86,0,1
1486318902,36.86,0,0
1486318912,36.86,0,0
1486319041,36.86,0,1
1486319041,36.86,0,1
1486319162,36.86,0,0
1486319172,36.86,0,0
1486319301,36.86,0,1
1486319301,36.86,0,1
1486319421,36.86,0,0
1486319431,36.86,0,0
1486319560,36.86,0,1
1486319560,36.86,0,1
1486319680,36.86,0,0
1486319690,36.86,1,0
1486319819,36.50,1,1
1486319819,36.50,1,1
1486319940,36.14,1,0
1486319950,36.14,1,0
1486320078,35.78,1,1
1486320078,35.78,1,1
1486320199,35.78,1,0
1486320209,35.78,1,0
1486320338,35.42,1,1
1486320338,35.42,1,1
1486320458,35.06,1,0
1486320468,35.06,1,0
1486320597,34.70,1,1
1486320597,34.70,1,1
1486320717,34.70,1,0
1486320727,34.70,1,0
1486320856,34.27,1,1
1486320856,34.27,1,1
1486320977,33.84,1,0
1486320954,33.84,0,0
1486321083,33.84,0,1
1486321083,33.84,0,1
1486321203,33.84,0,0
1486321213,33.84,0,0
1486321342,33.84,0,1
1486321908,32.55,0,1
1486322029,32.55,0,0
1486322039,32.55,1,0
1486322168,32.55,1,1
1486323047,29.11,1,1
1486323167,28.68,1,0
1486323177,28.68,1,0
1486323306,28.25,1,1
1486323306,28.25,1,1
1486323426,27.82,1,0
1486323436,27.82,1,0
1486323565,27.39,1,1
1486323565,27.39,1,1
1486323686,26.96,1,0
1486323696,26.96,1,0
1486323824,26.54,1,1
1486323824,26.54,1,1
1486323945,26.11,1,0
1486323955,26.11,1,0
1486324084,25.68,1,1
1486324084,25.68,1,1
1486324204,25.25,1,0
1486324214,25.25,1,0
1486324343,24.82,1,1
1486324343,24.82,1,1
1486324463,24.82,1,0
1486324473,24.39,1,0
1486324602,24.39,1,1
1486324602,24.39,1,1
1486324723,23.96,1,0
1486324733,23.96,1,0
1486324862,23.53,1,1
1486325512,20.52,1,1
1486325632,20.09,1,0
1486325643,20.09,1,0
1486325771,19.57,1,1
1486325771,19.57,1,1
1486325892,19.31,1,0
1486325902,19.31,1,0
1486326031,19.05,1,1
1486326031,19.05,1,1
1486326151,18.54,1,0
1486326161,18.54,1,0
1486326290,18.28,1,1
1486326290,18.28,1,1
1486326410,18.02,1,0
1486326420,18.02,1,0
1486326549,17.50,1,1
1486326549,17.50,1,1
1486326670,17.24,1,0
1486326680,17.24,1,0
1486326808,16.98,1,1
1486326808,16.98,1,1
1486326929,16.73,1,0
1486326939,16.73,1,0
1486327068,16.47,1,1
1486327068,16.47,1,1
1486327188,16.21,1,0
1486327225,16.21,0,0
1486327354,16.21,0,1
1486327354,16.21,0,1
1486327474,15.95,0,0
1486327485,15.95,0,0
1486327613,15.95,0,1
1486327613,15.95,0,1
1486327734,15.95,0,0
1486327744,15.95,0,0
1486327873,15.95,0,1
1486327873,15.95,0,1
1486327993,15.95,0,0
1486328003,15.95,0,0
1486328132,15.95,0,1
1486328132,15.95,0,1
1486328252,15.95,0,0
1486328262,15.95,0,0
1486328391,15.95,0,1
1486328391,15.95,0,1
1486328512,15.95,0,0
1486328522,15.95,1,0
1486328650,15.69,1,1
1486328650,15.69,1,1
1486328771,15.43,1,0
1486328781,15.43,1,0
1486328910,15.17,1,1
1486328910,15.17,1,1
