3,1471563664,368.00,-789.80,14.00,0.00,0.00,0.00,0.00,1.00,nan,0.00,nan,-1000.00
3,1471565037,360.00,0.00,172.30,0.00,0.00,0.00,1.00,nan,0.00,nan,-1000.00,0.00
3,1471565405,316.00,202.50,3.85,0.00,0.00,0.00,1.00,nan,0.00,nan,-1000.00,0.00
3,1471565490,375.00,204.30,3.84,0.00,0.00,0.00,1.00,nan,0.00,nan,-1000.00,0.00
3,1471565647,365.00,80.20,4.01,107.10,0.00,0.00,0.00,1.00,nan,0.00,nan,-1000.00
3,1471565749,320.00,86.50,4.05,8.88,0.00,0.00,0.00,1.00,nan,0.00,nan,-1000.00
3,1471567231,370.00,353.00,3.13,9.11,1206.00,651.00,0.59,1.00,nan,0.00,nan,-1000.00
3,1471592744,374.00,413.40,2.95,8.69,995.10,537.00,0.49,1.00,nan,0.00,nan,-1000.00
3,1471593502,374.00,8.37,561.60,303.00,0.27,1.00,nan,0.00,nan,-1000.00,0.00,0.00
3,1471593864,359.00,391.40,2.87,8.60,0.00,0.00,0.00,1.00,nan,0.00,nan,-1000.00
3,1471594227,370.00,368.60,2.84,8.76,0.00,0.00,0.00,1.00,nan,0.00,nan,-1000.00
3,1471594589,358.00,353.70,2.82,8.88,0.00,0.00,0.00,1.00,nan,0.00,nan,-1000.00
3,1471594952,325.00,342.30,2.81,8.90,0.00,0.00,0.00,1.00,nan,0.00,nan,-1000.00
3,1471595315,376.00,336.20,2.81,8.82,0.00,0.00,0.00,1.00,nan,0.00,nan,-1000.00
3,1471595678,373.00,326.80,2.81,8.72,0.00,0.00,0.00,1.00,nan,0.00,nan,-1000.00
3,1471596040,378.00,320.80,2.79,8.65,0.00,0.00,0.00,1.00,nan,0.00,nan,-1000.00
3,1471596402,367.00,314.50,2.80,8.47,0.00,0.00,0.00,1.00,nan,0.00,nan,-1000.00
3,1471589543,374.00,303.10,2.78,7.90,0.00,0.00,0.00,1.00,nan,0.00,nan,-1000.00
3,1471589897,363.00,291.10,2.77,7.67,0.00,0.00,0.00,1.00,nan,0.00,nan,-1000.00
3,1471590251,371.00,289.90,2.75,7.68,0.00,0.00,0.00,1.00,nan,0.00,nan,-1000.00
3,1471590607,366.00,290.20,2.70,7.89,0.00,0.00,0.00,1.00,nan,0.00,nan,-1000.00
3,1471590960,368.00,285.70,2.71,8.14,0.00,0.00,0.00,1.00,nan,0.00,nan,-1000.00
3,1471591311,366.00,286.10,2.75,8.09,0.00,0.00,0.00,1.00,nan,0.00,nan,-1000.00
3,1471591664,375.00,287.50,2.79,8.05,0.00,0.00,0.00,1.00,nan,0.00,nan,-1000.00
3,1471592018,372.00,288.30,2.81,8.12,0.00,0.00,0.00,1.00,nan,0.00,nan,-1000.00
3,1471592372,376.00,288.90,2.82,7.95,0.00,0.00,0.00,1.00,nan,0.00,nan,-1000.00
3,1471592727,364.00,289.00,2.82,7.88,0.00,0.00,0.00,1.00,nan,0.00,nan,-1000.00
3,1471593087,374.00,289.60,2.83,7.86,0.00,0.00,0.00,1.00,nan,0.00,nan,-1000.00
3,1471593447,364.00,289.90,2.84,7.99,0.00,0.00,0.00,1.00,nan,0.00,nan,-1000.00
3,1471593814,371.00,290.10,2.85,7.84,0.00,0.00,0.00,1.00,nan,0.00,nan,-1000.00
3,1471594177,372.00,290.10,2.85,7.85,0.00,0.00,0.00,1.00,nan,0.00,nan,-1000.00
3,1471594530,374.00,290.00,2.86,7.86,0.00,0.00,0.00,1.00,nan,0.00,nan,-1000.00
3,1471594884,373.00,290.10,2.86,7.90,0.00,0.00,0.00,1.00,nan,0.00,nan,-1000.00
3,1471595304,370.00,289.90,2.86,7.90,0.00,0.00,0.00,1.00,nan,0.00,nan,-1000.00
3,1471595657,323.00,289.80,2.86,7.86,0.00,0.00,0.00,1.00,nan,0.00,nan,-1000.00
3,1471596011,372.00,290.00,2.86,7.90,0.00,0.00,0.00,1.00,nan,0.00,nan,-1000.00
3,1471596366,367.00,289.30,2.86,7.77,0.00,0.00,0.00,1.00,nan,0.00,nan,-1000.00
3,1471596718,370.00,289.80,2.85,7.81,0.00,0.00,0.00,1.00,nan,0.00,nan,-1000.00
3,1471597072,368.00,289.60,2.85,7.83,0.00,0.00,0.00,1.00,nan,0.00,nan,-1000.00
3,1471597426,375.00,289.40,2.84,7.77,0.00,0.00,0.00,1.00,nan,0.00,nan,-1000.00
3,1471597781,367.00,289.30,2.83,7.79,0.00,0.00,0.00,1.00,nan,0.00,nan,-1000.00
3,1471598133,365.00,289.00,2.81,7.69,0.00,0.00,0.00,1.00,nan,0.00,nan,-1000.00
3,1471598487,364.00,288.60,2.79,7.71,0.00,0.00,0.00,1.00,nan,0.00,nan,-1000.00
3,1471598841,372.00,288.40,2.78,7.55,0.00,0.00,0.00,1.00,nan,0.00,nan,-1000.00
3,1471599194,367.00,288.10,2.77,7.55,0.00,0.00,0.00,1.00,nan,0.00,nan,-1000.00
3,1471599548,361.00,287.60,2.76,7.55,0.00,0.00,0.00,1.00,nan,0.00,nan,-1000.00
3,1471599902,374.00,287.10,2.74,7.45,0.00,0.00,0.00,1.00,nan,0.00,nan,-1000.00
3,1471600257,397.00,287.20,2.73,7.55,0.00,0.00,0.00,1.00,nan,0.00,nan,-1000.00
3,1471600610,320.00,286.80,2.71,7.54,0.00,0.00,0.00,1.00,nan,0.00,nan,-1000.00
3,1471600964,364.00,287.30,2.71,7.36,0.00,0.00,0.00,1.00,nan,0.00,nan,-1000.00
3,1471601321,353.00,287.10,2.71,7.22,0.00,0.00,0.00,1.00,nan,0.00,nan,-1000.00
3,1471601676,371.00,287.50,2.67,7.18,0.00,0.00,0.00,1.00,nan,0.00,nan,-1000.00
3,1471602037,359.00,289.00,2.61,7.25,0.00,0.00,0.00,1.00,nan,0.00,nan,-1000.00
3,1471602391,357.00,290.70,2.54,7.21,0.00,0.00,0.00,1.00,nan,0.00,nan,-1000.00
3,1471602747,362.00,291.30,2.46,7.36,0.00,0.00,0.00,1.00,nan,0.00,nan,-1000.00
3,1471603109,361.00,284.80,2.39,7.57,0.00,0.00,0.00,1.00,nan,0.00,nan,-1000.00
3,1471603461,359.00,285.20,2.45,6.62,0.00,0.00,0.00,1.00,nan,0.00,nan,-1000.00
3,1471603815,360.00,284.90,2.45,6.01,0.00,0.00,0.00,1.00,nan,0.00,nan,-1000.00
3,1471603971,363.00,279.80,2.49,6.03,0.00,0.00,0.00,1.00,nan,0.00,nan,-1000.00
3,1471604341,357.00,341.10,3.90,9.29,63.02,34.00,0.00,1.00,nan,0.00,nan,-1000.00
3,1471604697,354.00,342.20,3.67,9.59,56.84,30.00,0.00,1.00,nan,0.00,nan,-1000.00
3,1471605051,360.00,367.80,4.23,9.65,57.87,31.00,0.00,1.00,nan,0.00,nan,-1000.00
3,1471605406,357.00,371.10,4.66,9.49,58.65,31.00,0.00,1.00,nan,0.00,nan,-1000.00
3,1471605760,366.00,351.30,4.88,9.31,59.09,31.00,0.00,1.00,nan,0.00,nan,-1000.00
3,1471606113,363.00,383.40,4.99,9.32,58.61,31.00,0.00,1.00,nan,0.00,nan,-1000.00
3,1471606467,369.00,385.30,5.09,9.26,58.89,31.00,0.00,1.00,nan,0.00,nan,-1000.00
3,1471606821,356.00,367.40,5.14,9.15,63.07,34.00,0.00,1.00,nan,0.00,nan,-1000.00
3,1471607175,315.00,334.20,5.18,9.23,59.12,31.00,0.00,1.00,nan,0.00,nan,-1000.00
3,1471607529,358.00,314.00,5.20,8.98,58.92,31.00,0.00,1.00,nan,0.00,nan,-1000.00
3,1471607884,369.00,316.30,5.21,9.00,59.04,31.00,0.00,1.00,nan,0.00,nan,-1000.00
3,1471608238,361.00,316.00,5.25,9.14,59.04,31.00,0.00,1.00,nan,0.00,nan,-1000.00
3,1471608592,368.00,270.10,5.27,9.00,59.62,32.00,0.00,1.00,nan,0.00,nan,-1000.00
3,1471608946,367.00,282.10,5.26,9.14,59.70,32.00,0.00,1.00,nan,0.00,nan,-1000.00
3,1471609300,361.00,306.20,5.25,8.97,59.71,32.00,0.00,1.00,nan,0.00,nan,-1000.00
3,1471609654,363.00,279.50,5.25,9.03,59.98,32.00,0.00,1.00,nan,0.00,nan,-1000.00
3,1471610006,363.00,234.20,5.26,8.88,60.28,32.00,0.00,1.00,nan,0.00,nan,-1000.00
3,1471610361,368.00,218.80,5.22,8.90,60.28,32.00,0.00,1.00,nan,0.00,nan,-1000.00
3,1471610715,367.00,270.80,5.21,8.89,64.46,34.00,0.00,1.00,nan,0.00,nan,-1000.00
3,1471611069,360.00,242.00,5.18,9.13,64.71,34.00,0.00,1.00,nan,0.00,nan,-1000.00
3,1471611423,357.00,268.40,5.19,9.00,64.89,35.00,0.00,1.00,nan,0.00,nan,-1000.00
3,1471611777,362.00,272.10,5.18,8.83,60.97,32.00,0.00,1.00,nan,0.00,nan,-1000.00
3,1471612131,353.00,277.90,5.19,8.82,65.67,35.00,0.00,1.00,nan,0.00,nan,-1000.00
3,1471612484,367.00,305.00,5.25,9.19,66.04,35.00,0.00,1.00,nan,0.00,nan,-1000.00
3,1471612838,359.00,337.20,5.27,8.94,67.92,36.00,0.00,1.00,nan,0.00,nan,-1000.00
3,1471613192,369.00,379.50,5.18,8.75,67.28,36.00,0.00,1.00,nan,0.00,nan,-1000.00
3,1471613546,359.00,362.70,5.12,9.17,67.98,36.00,0.00,1.00,nan,0.00,nan,-1000.00
3,1471613900,368.00,348.80,5.09,8.78,67.87,36.00,0.00,1.00,nan,0.00,nan,-1000.00
3,1471614254,367.00,367.00,5.04,9.22,67.84,36.00,0.00,1.00,nan,0.00,nan,-1000.00
3,1471614608,357.00,401.10,5.12,9.03,69.36,37.00,0.00,1.00,nan,0.00,nan,-1000.00
3,1471614963,364.00,433.70,5.16,8.72,68.72,37.00,0.00,1.00,nan,0.00,nan,-1000.00
3,1471615319,365.00,438.70,5.18,8.67,69.08,37.00,0.00,1.00,nan,0.00,nan,-1000.00
3,1471615674,364.00,446.40,5.18,8.74,69.25,37.00,0.00,1.00,nan,0.00,nan,-1000.00
3,1471616028,365.00,452.50,5.23,8.97,68.44,36.00,0.00,1.00,nan,0.00,nan,-1000.00
3,1471616383,366.00,441.50,5.37,8.91,62.17,33.00,0.00,1.00,nan,0.00,nan,-1000.00
3,1471616739,369.00,431.20,5.38,9.08,69.54,37.00,0.00,1.00,nan,0.00,nan,-1000.00
3,1471617096,366.00,423.10,5.38,8.73,69.56,37.00,0.00,1.00,nan,0.00,nan,-1000.00
3,1471617450,359.00,435.00,5.37,8.79,69.98,37.00,0.00,1.00,nan,0.00,nan,-1000.00
3,1471617806,360.00,447.80,5.40,8.92,70.44,38.00,0.00,1.00,nan,0.00,nan,-1000.00
3,1471618162,368.00,450.50,5.41,8.87,69.86,37.00,0.00,1.00,nan,0.00,nan,-1000.00
3,1471618519,370.00,453.10,5.45,8.53,70.02,37.00,0.00,1.00,nan,0.00,nan,-1000.00
3,1471618874,359.00,451.00,5.49,8.76,70.39,38.00,0.00,1.00,nan,0.00,nan,-1000.00
3,1471619234,361.00,441.10,5.55,8.56,70.44,38.00,0.00,1.00,nan,0.00,nan,-1000.00
3,1471619594,368.00,427.90,5.57,8.58,70.32,37.00,0.00,1.00,nan,0.00,nan,-1000.00
3,1471619948,368.00,414.60,5.57,8.62,70.00,37.00,0.00,1.00,nan,0.00,nan,-1000.00
3,1471620304,362.00,430.40,5.54,8.89,66.44,35.00,0.00,1.00,nan,0.00,nan,-1000.00
3,1471620660,356.00,442.70,5.57,8.51,66.58,35.00,0.00,1.00,nan,0.00,nan,-1000.00
3,1471621017,369.00,433.30,5.61,9.04,66.25,35.00,0.00,1.00,nan,0.00,nan,-1000.00
3,1471621371,362.00,431.40,5.67,8.97,66.50,35.00,0.00,1.00,nan,0.00,nan,-1000.00
3,1471621727,363.00,423.40,5.73,8.93,66.49,35.00,0.00,1.00,nan,0.00,nan,-1000.00
3,1471622083,364.00,401.00,5.77,8.89,64.94,35.00,0.00,1.00,nan,0.00,nan,-1000.00
3,1471622439,367.00,373.70,5.80,8.84,62.87,33.00,0.00,1.00,nan,0.00,nan,-1000.00
3,1471622796,369.00,347.00,5.97,8.72,66.06,35.00,0.00,1.00,nan,0.00,nan,-1000.00
3,1471623152,374.00,336.00,5.97,8.66,66.28,35.00,0.00,1.00,nan,0.00,nan,-1000.00
3,1471623507,376.00,329.40,5.98,8.63,65.82,35.00,0.00,1.00,nan,0.00,nan,-1000.00
3,1471623862,365.00,317.80,5.99,8.19,66.04,35.00,0.00,1.00,nan,0.00,nan,-1000.00
3,1471624218,373.00,314.70,6.00,8.11,66.28,35.00,0.00,1.00,nan,0.00,nan,-1000.00
3,1471624574,371.00,312.10,6.00,8.08,66.34,35.00,0.00,1.00,nan,0.00,nan,-1000.00
3,1471624931,374.00,319.50,6.01,8.20,65.80,35.00,0.00,1.00,nan,0.00,nan,-1000.00
3,1471625285,372.00,333.80,6.01,8.09,65.63,35.00,0.00,1.00,nan,0.00,nan,-1000.00
3,1471625641,369.00,333.30,6.00,8.10,66.46,35.00,0.00,1.00,nan,0.00,nan,-1000.00
3,1471625997,368.00,342.70,6.01,8.08,65.50,35.00,0.00,1.00,nan,0.00,nan,-1000.00
3,1471626353,368.00,329.50,6.01,8.37,65.21,35.00,0.00,1.00,nan,0.00,nan,-1000.00
3,1471626709,382.00,340.10,6.02,8.30,65.44,35.00,0.00,1.00,nan,0.00,nan,-1000.00
3,1471627066,367.00,337.50,6.02,8.08,65.20,35.00,0.00,1.00,nan,0.00,nan,-1000.00
3,1471627422,372.00,338.50,6.02,8.08,65.32,35.00,0.00,1.00,nan,0.00,nan,-1000.00
3,1471627778,372.00,343.20,6.02,8.11,65.81,35.00,0.00,1.00,nan,0.00,nan,-1000.00
3,1471628133,380.00,336.00,6.01,8.11,65.13,35.00,0.00,1.00,nan,0.00,nan,-1000.00
3,1471628496,375.00,333.80,6.04,8.09,64.63,34.00,0.00,1.00,nan,0.00,nan,-1000.00
3,1471628859,380.00,313.30,6.04,8.14,65.00,35.00,0.00,1.00,nan,0.00,nan,-1000.00
3,1471629222,372.00,319.10,6.05,8.09,65.01,35.00,0.00,1.00,nan,0.00,nan,-1000.00
3,1471629585,371.00,320.40,6.05,8.13,67.34,36.00,0.00,1.00,nan,0.00,nan,-1000.00
3,1471629948,371.00,312.20,6.05,8.12,64.92,35.00,0.00,1.00,nan,0.00,nan,-1000.00
3,1471630311,373.00,311.20,6.05,8.51,64.79,34.00,0.00,1.00,nan,0.00,nan,-1000.00
3,1471630674,379.00,324.70,6.05,7.99,64.95,35.00,0.00,1.00,nan,0.00,nan,-1000.00
3,1471631038,382.00,326.50,6.06,8.26,64.86,35.00,0.00,1.00,nan,0.00,nan,-1000.00
3,1471631401,370.00,322.70,6.06,8.12,64.80,34.00,0.00,1.00,nan,0.00,nan,-1000.00
3,1471631764,369.00,312.50,6.06,8.14,64.70,34.00,0.00,1.00,nan,0.00,nan,-1000.00
3,1471632127,379.00,293.80,6.05,8.32,68.11,36.00,0.00,1.00,nan,0.00,nan,-1000.00
3,1471632490,328.00,279.10,6.06,8.04,64.93,35.00,0.00,1.00,nan,0.00,nan,-1000.00
3,1471632853,328.00,265.90,6.07,8.07,64.79,34.00,0.00,1.00,nan,0.00,nan,-1000.00
3,1471633216,362.00,271.10,6.06,8.07,64.95,35.00,0.00,1.00,nan,0.00,nan,-1000.00
3,1471633579,375.00,259.40,6.06,8.15,64.47,34.00,0.00,1.00,nan,0.00,nan,-1000.00
3,1471633943,379.00,271.30,6.07,8.11,64.68,34.00,0.00,1.00,nan,0.00,nan,-1000.00
3,1471634306,373.00,275.20,6.07,8.21,67.87,36.00,0.00,1.00,nan,0.00,nan,-1000.00
3,1471634669,375.00,272.00,6.07,8.04,64.48,34.00,0.00,1.00,nan,0.00,nan,-1000.00
3,1471635032,372.00,307.10,6.07,8.05,64.43,34.00,0.00,1.00,nan,0.00,nan,-1000.00
3,1471635395,378.00,313.10,6.08,8.15,64.88,35.00,0.00,1.00,nan,0.00,nan,-1000.00
3,1471635758,379.00,289.50,6.08,8.04,65.08,35.00,0.00,1.00,nan,0.00,nan,-1000.00
3,1471636121,376.00,244.30,6.08,8.09,65.06,35.00,0.00,1.00,nan,0.00,nan,-1000.00
3,1471636484,382.00,259.70,6.09,8.10,64.54,34.00,0.00,1.00,nan,0.00,nan,-1000.00
3,1471636847,371.00,251.50,6.09,8.14,64.56,34.00,0.00,1.00,nan,0.00,nan,-1000.00
3,1471637211,376.00,233.60,6.09,8.08,67.16,36.00,0.00,1.00,nan,0.00,nan,-1000.00
3,1471637574,374.00,278.10,6.08,8.16,64.65,34.00,0.00,1.00,nan,0.00,nan,-1000.00
3,1471637937,377.00,324.50,6.09,8.17,64.46,34.00,0.00,1.00,nan,0.00,nan,-1000.00
3,1471638300,380.00,336.20,6.09,8.19,64.36,34.00,0.00,1.00,nan,0.00,nan,-1000.00
3,1471638663,382.00,345.10,6.09,8.11,64.25,34.00,0.00,1.00,nan,0.00,nan,-1000.00
3,1471639026,383.00,352.00,6.09,8.08,64.18,34.00,0.00,1.00,nan,0.00,nan,-1000.00
3,1471639389,371.00,340.60,6.09,8.17,64.14,34.00,0.00,1.00,nan,0.00,nan,-1000.00
3,1471639753,377.00,351.00,6.10,8.35,63.83,34.00,0.00,1.00,nan,0.00,nan,-1000.00
3,1471640116,373.00,351.60,6.09,8.18,64.23,34.00,0.00,1.00,nan,0.00,nan,-1000.00
3,1471640479,374.00,341.40,6.09,8.17,63.76,34.00,0.00,1.00,nan,0.00,nan,-1000.00
3,1471640842,377.00,349.60,6.10,8.16,63.23,34.00,0.00,1.00,nan,0.00,nan,-1000.00
3,1471641205,382.00,342.70,6.09,8.18,64.01,34.00,0.00,1.00,nan,0.00,nan,-1000.00
3,1471641568,381.00,357.20,6.10,8.15,63.96,34.00,0.00,1.00,nan,0.00,nan,-1000.00
3,1471641931,376.00,360.90,6.11,8.13,63.59,34.00,0.00,1.00,nan,0.00,nan,-1000.00
3,1471642294,380.00,358.60,6.11,8.10,63.99,34.00,0.00,1.00,nan,0.00,nan,-1000.00
3,1471642657,373.00,352.00,6.10,8.15,63.81,34.00,0.00,1.00,nan,0.00,nan,-1000.00
3,1471643020,373.00,351.20,6.11,8.16,63.86,34.00,0.00,1.00,nan,0.00,nan,-1000.00
3,1471643383,381.00,351.50,6.11,8.19,63.83,34.00,0.00,1.00,nan,0.00,nan,-1000.00
3,1471643747,381.00,354.30,6.12,8.12,63.87,34.00,0.00,1.00,nan,0.00,nan,-1000.00
3,1471644110,379.00,356.40,6.11,8.14,63.75,34.00,0.00,1.00,nan,0.00,nan,-1000.00
3,1471644473,378.00,352.00,6.12,8.28,63.80,34.00,0.00,1.00,nan,0.00,nan,-1000.00
3,1471644836,369.00,343.90,6.12,8.16,63.56,34.00,0.00,1.00,nan,0.00,nan,-1000.00
3,1471645199,379.00,330.30,6.12,8.15,63.61,34.00,0.00,1.00,nan,0.00,nan,-1000.00
3,1471645562,378.00,339.80,6.13,8.09,63.49,34.00,0.00,1.00,nan,0.00,nan,-1000.00
3,1471645926,376.00,332.40,6.12,8.13,63.54,34.00,0.00,1.00,nan,0.00,nan,-1000.00
3,1471646289,372.00,320.70,6.12,8.11,66.57,35.00,0.00,1.00,nan,0.00,nan,-1000.00
3,1471646652,374.00,328.50,6.13,8.17,63.64,34.00,0.00,1.00,nan,0.00,nan,-1000.00
3,1471647015,372.00,317.90,6.12,8.19,64.03,34.00,0.00,1.00,nan,0.00,nan,-1000.00
3,1471647378,362.00,333.80,6.12,8.15,63.53,34.00,0.00,1.00,nan,0.00,nan,-1000.00
3,1471647741,374.00,331.50,6.11,8.14,63.10,34.00,0.00,1.00,nan,0.00,nan,-1000.00
3,1471648105,380.00,340.80,6.11,8.14,63.35,34.00,0.00,1.00,nan,0.00,nan,-1000.00
3,1471648468,368.00,338.80,6.10,8.16,63.54,34.00,0.00,1.00,nan,0.00,nan,-1000.00
3,1471648831,379.00,346.70,6.10,8.14,63.47,34.00,0.00,1.00,nan,0.00,nan,-1000.00
3,1471649194,380.00,346.90,6.09,8.18,63.28,34.00,0.00,1.00,nan,0.00,nan,-1000.00
3,1471649557,382.00,346.40,6.10,8.16,66.71,36.00,0.00,1.00,nan,0.00,nan,-1000.00
3,1471649920,381.00,318.50,6.10,8.13,63.50,34.00,0.00,1.00,nan,0.00,nan,-1000.00
3,1471650283,381.00,342.70,6.10,8.13,62.99,34.00,0.00,1.00,nan,0.00,nan,-1000.00
3,1471650647,379.00,351.70,6.11,8.13,63.19,34.00,0.00,1.00,nan,0.00,nan,-1000.00
3,1471651010,371.00,354.90,6.11,8.13,63.15,34.00,0.00,1.00,nan,0.00,nan,-1000.00
3,1471651373,374.00,356.20,6.10,8.12,64.97,35.00,0.00,1.00,nan,0.00,nan,-1000.00
3,1471651736,330.00,356.80,6.11,8.14,62.98,34.00,0.00,1.00,nan,0.00,nan,-1000.00
3,1471652099,373.00,355.00,6.10,8.15,63.17,34.00,0.00,1.00,nan,0.00,nan,-1000.00
3,1471652462,371.00,316.00,6.09,8.17,63.69,34.00,0.00,1.00,nan,0.00,nan,-1000.00
3,1471652826,378.00,344.60,6.10,8.16,62.84,33.00,0.00,1.00,nan,0.00,nan,-1000.00
3,1471653189,372.00,352.10,6.09,8.16,64.44,34.00,0.00,1.00,nan,0.00,nan,-1000.00
3,1471653552,374.00,355.30,6.10,8.16,62.34,33.00,0.00,1.00,nan,0.00,nan,-1000.00
3,1471653915,377.00,355.60,6.09,8.19,62.50,33.00,0.00,1.00,nan,0.00,nan,-1000.00
3,1471654278,375.00,357.60,6.10,8.14,62.63,33.00,0.00,1.00,nan,0.00,nan,-1000.00
3,1471654641,382.00,355.80,6.09,8.12,62.80,33.00,0.00,1.00,nan,0.00,nan,-1000.00
3,1471655005,374.00,349.20,6.10,8.12,65.75,35.00,0.00,1.00,nan,0.00,nan,-1000.00
3,1471655368,373.00,353.10,6.10,8.14,62.42,33.00,0.00,1.00,nan,0.00,nan,-1000.00
3,1471655731,377.00,355.40,6.10,8.11,65.63,35.00,0.00,1.00,nan,0.00,nan,-1000.00
3,1471656094,375.00,356.50,6.10,8.12,66.01,35.00,0.00,1.00,nan,0.00,nan,-1000.00
3,1471656458,382.00,357.20,6.11,8.11,62.72,33.00,0.00,1.00,nan,0.00,nan,-1000.00
3,1471656821,371.00,360.20,6.10,8.15,63.06,34.00,0.00,1.00,nan,0.00,nan,-1000.00
3,1471657184,375.00,359.80,6.11,8.13,61.94,33.00,0.00,1.00,nan,0.00,nan,-1000.00
3,1471657547,373.00,358.30,6.11,8.16,62.75,33.00,0.00,1.00,nan,0.00,nan,-1000.00
3,1471657910,369.00,359.30,6.12,8.13,62.31,33.00,0.00,1.00,nan,0.00,nan,-1000.00
3,1471658274,377.00,357.70,6.12,8.17,65.90,35.00,0.00,1.00,nan,0.00,nan,-1000.00
3,1471658637,373.00,362.10,6.12,8.17,62.67,33.00,0.00,1.00,nan,0.00,nan,-1000.00
3,1471659000,374.00,364.10,6.11,8.19,62.36,33.00,0.00,1.00,nan,0.00,nan,-1000.00
3,1471659363,380.00,364.10,6.11,8.13,65.59,35.00,0.00,1.00,nan,0.00,nan,-1000.00
3,1471659727,360.00,366.20,6.12,8.18,62.14,33.00,0.00,1.00,nan,0.00,nan,-1000.00
3,1471660090,371.00,355.90,6.12,8.16,62.21,33.00,0.00,1.00,nan,0.00,nan,-1000.00
3,1471660453,376.00,352.60,6.12,8.13,62.70,33.00,0.00,1.00,nan,0.00,nan,-1000.00
3,1471660816,371.00,359.20,6.12,8.14,62.35,33.00,0.00,1.00,nan,0.00,nan,-1000.00
3,1471661179,376.00,360.90,6.12,8.25,61.56,33.00,0.00,1.00,nan,0.00,nan,-1000.00
3,1471661542,373.00,364.30,6.12,8.08,62.27,33.00,0.00,1.00,nan,0.00,nan,-1000.00
3,1471661906,371.00,366.50,6.13,8.12,62.25,33.00,0.00,1.00,nan,0.00,nan,-1000.00
3,1471662269,374.00,365.90,6.12,8.09,65.38,35.00,0.00,1.00,nan,0.00,nan,-1000.00
3,1471662632,373.00,366.90,6.13,8.16,62.59,33.00,0.00,1.00,nan,0.00,nan,-1000.00
3,1471662995,380.00,367.00,6.13,8.14,65.37,35.00,0.00,1.00,nan,0.00,nan,-1000.00
3,1471663359,376.00,346.10,6.14,8.13,65.74,35.00,0.00,1.00,nan,0.00,nan,-1000.00
3,1471663722,328.00,325.30,6.14,8.14,65.53,35.00,0.00,1.00,nan,0.00,nan,-1000.00
3,1471664085,381.00,332.60,6.14,8.11,62.25,33.00,0.00,1.00,nan,0.00,nan,-1000.00
3,1471664448,382.00,333.60,6.14,8.12,65.44,35.00,0.00,1.00,nan,0.00,nan,-1000.00
3,1471664812,381.00,340.10,6.14,8.16,62.52,33.00,0.00,1.00,nan,0.00,nan,-1000.00
3,1471665175,379.00,337.70,6.14,8.08,62.97,34.00,0.00,1.00,nan,0.00,nan,-1000.00
3,1471665538,380.00,348.90,6.15,8.12,62.46,33.00,0.00,1.00,nan,0.00,nan,-1000.00
3,1471665902,374.00,357.20,6.15,8.13,64.86,35.00,0.00,1.00,nan,0.00,nan,-1000.00
3,1471666265,379.00,358.40,6.15,8.14,62.14,33.00,0.00,1.00,nan,0.00,nan,-1000.00
3,1471666628,378.00,361.30,6.16,8.12,62.43,33.00,0.00,1.00,nan,0.00,nan,-1000.00
3,1471666991,374.00,360.00,6.16,8.15,65.05,35.00,0.00,1.00,nan,0.00,nan,-1000.00
3,1471667355,370.00,356.90,6.16,8.14,62.56,33.00,0.00,1.00,nan,0.00,nan,-1000.00
3,1471667718,383.00,362.00,6.16,8.15,63.98,34.00,0.00,1.00,nan,0.00,nan,-1000.00
3,1471668081,376.00,365.80,6.15,8.11,62.19,33.00,0.00,1.00,nan,0.00,nan,-1000.00
3,1471668444,381.00,366.60,6.16,8.15,61.92,33.00,0.00,1.00,nan,0.00,nan,-1000.00
3,1471668807,373.00,368.10,6.17,8.15,62.08,33.00,0.00,1.00,nan,0.00,nan,-1000.00
3,1471669171,370.00,368.20,6.17,8.17,61.89,33.00,0.00,1.00,nan,0.00,nan,-1000.00
3,1471669534,375.00,367.80,6.17,8.15,65.10,35.00,0.00,1.00,nan,0.00,nan,-1000.00
3,1471669897,329.00,362.70,6.18,8.15,62.13,33.00,0.00,1.00,nan,0.00,nan,-1000.00
3,1471670260,373.00,345.80,6.16,8.15,62.19,33.00,0.00,1.00,nan,0.00,nan,-1000.00
3,1471670624,383.00,352.60,6.15,8.20,61.72,33.00,0.00,1.00,nan,0.00,nan,-1000.00
3,1471670987,383.00,361.20,6.15,8.22,61.81,33.00,0.00,1.00,nan,0.00,nan,-1000.00
3,1471671350,371.00,365.70,6.15,8.23,61.55,33.00,0.00,1.00,nan,0.00,nan,-1000.00
3,1471671713,328.00,369.50,6.16,8.24,61.31,33.00,0.00,1.00,nan,0.00,nan,-1000.00
3,1471672076,380.00,373.30,6.16,8.23,60.83,32.00,0.00,1.00,nan,0.00,nan,-1000.00
3,1471672439,326.00,357.10,6.18,8.25,60.06,32.00,0.00,1.00,nan,0.00,nan,-1000.00
3,1471672802,325.00,360.00,6.16,8.27,62.23,33.00,0.00,1.00,nan,0.00,nan,-1000.00
3,1471673165,372.00,379.50,6.15,8.20,61.18,33.00,0.00,1.00,nan,0.00,nan,-1000.00
3,1471673528,371.00,395.40,6.13,8.33,59.16,31.00,0.00,1.00,nan,0.00,nan,-1000.00
3,1471673891,376.00,409.30,6.11,8.31,57.71,31.00,0.00,1.00,nan,0.00,nan,-1000.00
3,1471674254,322.00,421.90,6.11,8.33,56.85,30.00,0.00,1.00,nan,0.00,nan,-1000.00
3,1471674617,366.00,433.30,6.09,8.29,55.71,30.00,0.00,1.00,nan,0.00,nan,-1000.00
3,1471674980,367.00,444.70,6.08,8.48,55.90,30.00,0.00,1.00,nan,0.00,nan,-1000.00
3,1471675343,374.00,454.30,6.05,8.28,55.49,29.00,0.00,1.00,nan,0.00,nan,-1000.00
3,1471675706,366.00,462.10,6.02,8.25,51.82,27.00,0.00,1.00,nan,0.00,nan,-1000.00
3,1471676069,372.00,467.30,6.00,8.22,51.60,27.00,0.00,1.00,nan,0.00,nan,-1000.00
3,1471676432,361.00,458.50,5.97,8.29,52.40,28.00,0.00,1.00,nan,0.00,nan,-1000.00
3,1471676794,363.00,478.70,5.96,8.28,52.72,28.00,0.00,1.00,nan,0.00,nan,-1000.00
3,1471677157,372.00,463.60,5.92,8.22,52.87,28.00,0.00,1.00,nan,0.00,nan,-1000.00
3,1471677520,363.00,405.50,5.90,8.28,53.05,28.00,0.00,1.00,nan,0.00,nan,-1000.00
3,1471677883,368.00,384.90,5.87,8.25,53.02,28.00,0.00,1.00,nan,0.00,nan,-1000.00
3,1471678246,364.00,387.10,5.83,8.25,53.28,28.00,0.00,1.00,nan,0.00,nan,-1000.00
3,1471678609,368.00,389.10,5.78,8.27,53.95,29.00,0.00,1.00,nan,0.00,nan,-1000.00
3,1471678972,364.00,437.70,5.74,8.28,55.06,29.00,0.00,1.00,nan,0.00,nan,-1000.00
3,1471679335,359.00,471.70,5.70,8.38,55.51,29.00,0.00,1.00,nan,0.00,nan,-1000.00
3,1471679698,365.00,485.00,5.67,8.31,59.72,32.00,0.00,1.00,nan,0.00,nan,-1000.00
3,1471680061,317.00,510.40,5.66,8.33,55.81,30.00,0.00,1.00,nan,0.00,nan,-1000.00
3,1471680424,369.00,520.60,5.64,8.38,56.55,30.00,0.00,1.00,nan,0.00,nan,-1000.00
3,1471680787,364.00,526.70,5.63,8.38,56.30,30.00,0.00,1.00,nan,0.00,nan,-1000.00
3,1471681150,362.00,517.00,5.59,8.36,56.86,30.00,0.00,1.00,nan,0.00,nan,-1000.00
3,1471681513,365.00,524.00,5.56,8.32,57.57,31.00,0.00,1.00,nan,0.00,nan,-1000.00
3,1471681876,364.00,491.40,5.55,8.37,57.92,31.00,0.00,1.00,nan,0.00,nan,-1000.00
3,1471682238,363.00,397.40,5.52,8.34,58.41,31.00,0.00,1.00,nan,0.00,nan,-1000.00
3,1471682601,365.00,217.60,5.51,8.34,59.36,32.00,0.00,1.00,nan,0.00,nan,-1000.00
3,1471682964,365.00,339.10,5.50,8.35,59.82,32.00,0.00,1.00,nan,0.00,nan,-1000.00
3,1471683327,363.00,388.80,5.52,8.36,64.96,35.00,0.00,1.00,nan,0.00,nan,-1000.00
3,1471683690,370.00,392.40,5.52,8.31,60.93,32.00,0.00,1.00,nan,0.00,nan,-1000.00
3,1471684053,370.00,428.10,5.51,8.43,64.93,35.00,0.00,1.00,nan,0.00,nan,-1000.00
3,1471684416,360.00,435.70,5.48,8.28,61.49,33.00,0.00,1.00,nan,0.00,nan,-1000.00
3,1471684779,362.00,457.20,5.48,8.30,62.20,33.00,0.00,1.00,nan,0.00,nan,-1000.00
3,1471685142,359.00,387.10,5.51,8.26,61.96,33.00,0.00,1.00,nan,0.00,nan,-1000.00
3,1471685505,369.00,424.20,5.53,8.28,62.54,33.00,0.00,1.00,nan,0.00,nan,-1000.00
3,1471685868,360.00,463.30,5.54,8.22,63.20,34.00,0.00,1.00,nan,0.00,nan,-1000.00
3,1471686231,354.00,464.40,5.54,8.23,62.82,33.00,0.00,1.00,nan,0.00,nan,-1000.00
3,1471686594,359.00,391.10,5.57,8.28,63.12,34.00,0.00,1.00,nan,0.00,nan,-1000.00
3,1471686957,360.00,272.60,5.57,8.25,62.97,34.00,0.00,1.00,nan,0.00,nan,-1000.00
3,1471687320,371.00,249.30,5.59,8.24,63.15,34.00,0.00,1.00,nan,0.00,nan,-1000.00
3,1471687683,368.00,226.30,5.60,8.34,63.64,34.00,0.00,1.00,nan,0.00,nan,-1000.00
3,1471688046,359.00,287.10,5.59,8.23,63.32,34.00,0.00,1.00,nan,0.00,nan,-1000.00
3,1471688409,370.00,352.00,5.59,8.20,63.68,34.00,0.00,1.00,nan,0.00,nan,-1000.00
3,1471688771,362.00,411.30,5.56,8.19,63.82,34.00,0.00,1.00,nan,0.00,nan,-1000.00
3,1471689134,361.00,406.20,5.55,8.24,64.42,34.00,0.00,1.00,nan,0.00,nan,-1000.00
3,1471689497,372.00,343.60,5.57,8.25,64.51,34.00,0.00,1.00,nan,0.00,nan,-1000.00
3,1471689860,367.00,317.60,5.58,8.20,64.53,34.00,0.00,1.00,nan,0.00,nan,-1000.00
3,1471690223,365.00,358.70,5.61,8.24,64.36,34.00,0.00,1.00,nan,0.00,nan,-1000.00
3,1471690586,364.00,407.20,5.64,8.20,64.84,35.00,0.00,1.00,nan,0.00,nan,-1000.00
3,1471690949,366.00,431.90,5.63,8.19,68.23,36.00,0.00,1.00,nan,0.00,nan,-1000.00
3,1471691312,367.00,439.70,5.64,8.17,64.67,34.00,0.00,1.00,nan,0.00,nan,-1000.00
3,1471691675,361.00,445.80,5.62,8.16,64.72,34.00,0.00,1.00,nan,0.00,nan,-1000.00
3,1471692038,364.00,452.30,5.62,8.15,64.68,34.00,0.00,1.00,nan,0.00,nan,-1000.00
3,1471692401,368.00,457.70,5.58,8.14,65.48,35.00,0.00,1.00,nan,0.00,nan,-1000.00
3,1471692764,362.00,461.90,5.52,8.16,65.10,35.00,0.00,1.00,nan,0.00,nan,-1000.00
3,1471693127,371.00,467.70,5.50,8.14,65.18,35.00,0.00,1.00,nan,0.00,nan,-1000.00
3,1471693489,363.00,470.40,5.49,8.16,64.93,35.00,0.00,1.00,nan,0.00,nan,-1000.00
3,1471693852,364.00,475.70,5.47,8.13,64.93,35.00,0.00,1.00,nan,0.00,nan,-1000.00
3,1471694215,362.00,470.60,5.51,8.12,66.07,35.00,0.00,1.00,nan,0.00,nan,-1000.00
3,1471694578,371.00,462.10,5.53,8.12,66.18,35.00,0.00,1.00,nan,0.00,nan,-1000.00
3,1471694941,366.00,461.80,5.52,8.11,65.39,35.00,0.00,1.00,nan,0.00,nan,-1000.00
3,1471695304,358.00,461.40,5.52,8.13,65.07,35.00,0.00,1.00,nan,0.00,nan,-1000.00
3,1471695667,316.00,459.60,5.56,8.09,65.21,35.00,0.00,1.00,nan,0.00,nan,-1000.00
3,1471696030,368.00,457.20,5.58,8.12,65.11,35.00,0.00,1.00,nan,0.00,nan,-1000.00
3,1471696393,366.00,457.70,5.54,8.08,65.09,35.00,0.00,1.00,nan,0.00,nan,-1000.00
3,1471696756,361.00,479.50,5.49,8.08,65.26,35.00,0.00,1.00,nan,0.00,nan,-1000.00
3,1471697119,367.00,473.10,5.48,8.07,65.30,35.00,0.00,1.00,nan,0.00,nan,-1000.00
3,1471697482,317.00,459.40,5.49,8.05,65.59,35.00,0.00,1.00,nan,0.00,nan,-1000.00
3,1471697844,368.00,468.10,5.48,8.04,65.47,35.00,0.00,1.00,nan,0.00,nan,-1000.00
3,1471698207,361.00,455.20,5.46,8.04,69.11,37.00,0.00,1.00,nan,0.00,nan,-1000.00
3,1471698570,358.00,441.60,5.46,8.09,69.21,37.00,0.00,1.00,nan,0.00,nan,-1000.00
3,1471698933,366.00,446.40,5.49,8.06,68.76,37.00,0.00,1.00,nan,0.00,nan,-1000.00
3,1471699296,369.00,437.40,5.53,8.03,70.25,37.00,0.00,1.00,nan,0.00,nan,-1000.00
3,1471699659,358.00,423.50,5.53,8.06,69.46,37.00,0.00,1.00,nan,0.00,nan,-1000.00
3,1471700022,367.00,416.70,5.49,8.15,72.57,39.00,0.00,1.00,nan,0.00,nan,-1000.00
3,1471700385,365.00,466.30,5.49,8.09,74.28,40.00,0.00,1.00,nan,0.00,nan,-1000.00
3,1471700748,366.00,485.70,5.53,8.11,71.76,38.00,0.00,1.00,nan,0.00,nan,-1000.00
3,1471701111,315.00,478.10,5.53,8.14,68.10,36.00,0.00,1.00,nan,0.00,nan,-1000.00
3,1471701474,360.00,473.80,5.54,8.14,67.73,36.00,0.00,1.00,nan,0.00,nan,-1000.00
3,1471701837,368.00,465.10,5.55,8.12,67.41,36.00,0.00,1.00,nan,0.00,nan,-1000.00
3,1471702200,357.00,457.80,5.57,8.13,67.62,36.00,0.00,1.00,nan,0.00,nan,-1000.00
3,1471702563,361.00,432.70,5.57,8.10,73.59,39.00,0.00,1.00,nan,0.00,nan,-1000.00
3,1471702926,368.00,463.40,5.59,8.11,68.00,36.00,0.00,1.00,nan,0.00,nan,-1000.00
3,1471703289,361.00,474.40,5.58,8.10,67.70,36.00,0.00,1.00,nan,0.00,nan,-1000.00
3,1471703652,367.00,478.00,5.56,8.13,67.91,36.00,0.00,1.00,nan,0.00,nan,-1000.00
3,1471704014,358.00,476.80,5.57,8.11,67.96,36.00,0.00,1.00,nan,0.00,nan,-1000.00
3,1471704377,357.00,471.10,5.59,8.11,67.42,36.00,0.00,1.00,nan,0.00,nan,-1000.00
3,1471704740,360.00,463.40,5.61,8.11,66.84,36.00,0.00,1.00,nan,0.00,nan,-1000.00
3,1471705103,355.00,453.10,5.63,8.11,68.07,36.00,0.00,1.00,nan,0.00,nan,-1000.00
3,1471705466,361.00,440.80,5.66,8.09,67.02,36.00,0.00,1.00,nan,0.00,nan,-1000.00
3,1471705829,361.00,425.00,5.70,8.08,66.96,36.00,0.00,1.00,nan,0.00,nan,-1000.00
3,1471706192,360.00,403.30,5.74,8.07,68.20,36.00,0.00,1.00,nan,0.00,nan,-1000.00
3,1471706556,358.00,378.50,5.77,8.08,69.22,37.00,0.00,1.00,nan,0.00,nan,-1000.00
3,1471706918,373.00,351.80,5.81,8.09,68.46,36.00,0.00,1.00,nan,0.00,nan,-1000.00
3,1471707281,369.00,321.70,5.84,8.07,68.17,36.00,0.00,1.00,nan,0.00,nan,-1000.00
3,1471707644,361.00,287.90,5.89,7.97,69.42,37.00,0.00,1.00,nan,0.00,nan,-1000.00
3,1471708007,364.00,251.10,5.94,8.00,68.50,36.00,0.00,1.00,nan,0.00,nan,-1000.00
3,1471708370,365.00,212.30,5.99,8.00,68.45,36.00,0.00,1.00,nan,0.00,nan,-1000.00
3,1471708733,320.00,174.90,6.02,7.94,69.08,37.00,0.00,1.00,nan,0.00,nan,-1000.00
3,1471709096,372.00,138.90,6.05,7.91,70.36,37.00,0.00,1.00,nan,0.00,nan,-1000.00
3,1471709459,374.00,210.40,6.05,7.83,69.77,37.00,0.00,1.00,nan,0.00,nan,-1000.00
3,1471709822,362.00,170.00,6.07,7.83,70.31,37.00,0.00,1.00,nan,0.00,nan,-1000.00
3,1471710185,375.00,139.10,6.08,7.81,73.66,39.00,0.00,1.00,nan,0.00,nan,-1000.00
3,1471710548,375.00,107.90,6.08,7.79,71.16,38.00,0.00,1.00,nan,0.00,nan,-1000.00
3,1471710911,370.00,91.30,6.09,7.80,70.48,38.00,0.00,1.00,nan,0.00,nan,-1000.00
3,1471711274,360.00,77.10,6.09,7.73,70.61,38.00,0.00,1.00,nan,0.00,nan,-1000.00
3,1471711637,379.00,66.50,6.09,7.70,69.94,37.00,0.00,1.00,nan,0.00,nan,-1000.00
3,1471712000,378.00,56.90,6.09,7.67,69.50,37.00,0.00,1.00,nan,0.00,nan,-1000.00
3,1471712363,376.00,50.40,6.10,7.68,69.65,37.00,0.00,1.00,nan,0.00,nan,-1000.00
3,1471712726,381.00,45.10,6.10,7.70,71.35,38.00,0.00,1.00,nan,0.00,nan,-1000.00
3,1471713089,374.00,39.70,6.10,7.63,70.34,37.00,0.00,1.00,nan,0.00,nan,-1000.00
3,1471713451,379.00,32.10,6.10,7.68,70.85,38.00,0.00,1.00,nan,0.00,nan,-1000.00
3,1471713814,379.00,24.20,6.10,7.64,71.50,38.00,0.00,1.00,nan,0.00,nan,-1000.00
3,1471714177,368.00,21.40,6.11,7.61,72.11,38.00,0.00,1.00,nan,0.00,nan,-1000.00
3,1471714540,379.00,109.70,6.11,7.62,71.19,38.00,0.00,1.00,nan,0.00,nan,-1000.00
3,1471714903,374.00,78.50,6.11,7.57,70.38,38.00,0.00,1.00,nan,0.00,nan,-1000.00
3,1471715266,375.00,119.40,6.11,7.58,69.29,37.00,0.00,1.00,nan,0.00,nan,-1000.00
3,1471715629,379.00,96.20,6.11,7.58,69.74,37.00,0.00,1.00,nan,0.00,nan,-1000.00
3,1471715992,371.00,45.70,6.11,7.55,69.63,37.00,0.00,1.00,nan,0.00,nan,-1000.00
3,1471716355,380.00,33.70,6.11,7.59,69.65,37.00,0.00,1.00,nan,0.00,nan,-1000.00
3,1471716718,382.00,25.50,6.12,7.56,70.43,38.00,0.00,1.00,nan,0.00,nan,-1000.00
3,1471717081,373.00,14.80,6.12,7.55,70.80,38.00,0.00,1.00,nan,0.00,nan,-1000.00
3,1471717444,377.00,0.10,6.12,7.51,71.03,38.00,0.00,1.00,nan,0.00,nan,-1000.00
3,1471717807,371.00,23.50,6.12,7.55,70.58,38.00,0.00,1.00,nan,0.00,nan,-1000.00
3,1471718170,371.00,18.80,6.12,7.52,71.22,38.00,0.00,1.00,nan,0.00,nan,-1000.00
3,1471718533,382.00,21.90,6.13,7.55,71.30,38.00,0.00,1.00,nan,0.00,nan,-1000.00
3,1471718896,318.00,8.10,6.13,7.52,71.20,38.00,0.00,1.00,nan,0.00,nan,-1000.00
3,1471719259,372.00,-10.70,6.13,7.49,71.20,38.00,0.00,1.00,nan,0.00,nan,-1000.00
3,1471719621,376.00,6.00,6.13,7.55,70.76,38.00,0.00,1.00,nan,0.00,nan,-1000.00
3,1471719985,371.00,-21.30,6.13,7.52,71.11,38.00,0.00,1.00,nan,0.00,nan,-1000.00
3,1471720348,327.00,-17.40,6.14,7.55,71.24,38.00,0.00,1.00,nan,0.00,nan,-1000.00
3,1471720711,373.00,-30.80,6.14,7.51,71.88,38.00,0.00,1.00,nan,0.00,nan,-1000.00
3,1471721074,327.00,-32.80,6.14,7.47,69.27,37.00,0.00,1.00,nan,0.00,nan,-1000.00
3,1471721437,373.00,-24.30,6.14,7.46,70.01,37.00,0.00,1.00,nan,0.00,nan,-1000.00
3,1471721800,370.00,-33.20,6.14,7.49,70.01,37.00,0.00,1.00,nan,0.00,nan,-1000.00
3,1471722163,376.00,-41.30,6.14,7.44,70.44,38.00,0.00,1.00,nan,0.00,nan,-1000.00
3,1471722526,381.00,-47.90,6.15,7.44,71.25,38.00,0.00,1.00,nan,0.00,nan,-1000.00
3,1471722890,374.00,-51.30,6.15,7.51,71.10,38.00,0.00,1.00,nan,0.00,nan,-1000.00
3,1471723253,370.00,-62.90,6.16,7.46,69.63,37.00,0.00,1.00,nan,0.00,nan,-1000.00
3,1471723616,378.00,-53.60,6.15,7.47,68.99,37.00,0.00,1.00,nan,0.00,nan,-1000.00
3,1471723979,374.00,-52.50,6.15,7.45,69.55,37.00,0.00,1.00,nan,0.00,nan,-1000.00
3,1471724342,379.00,-56.40,6.16,7.39,69.68,37.00,0.00,1.00,nan,0.00,nan,-1000.00
3,1471724705,370.00,-33.80,6.16,7.54,68.93,37.00,0.00,1.00,nan,0.00,nan,-1000.00
3,1471725068,360.00,-63.20,6.16,7.41,72.05,38.00,0.00,1.00,nan,0.00,nan,-1000.00
3,1471725431,371.00,-54.50,6.16,7.45,69.02,37.00,0.00,1.00,nan,0.00,nan,-1000.00
3,1471725794,374.00,27.60,6.17,7.38,68.34,36.00,0.00,1.00,nan,0.00,nan,-1000.00
3,1471726157,381.00,27.40,6.17,7.44,68.71,37.00,0.00,1.00,nan,0.00,nan,-1000.00
3,1471726520,368.00,-18.40,6.17,7.39,68.32,36.00,0.00,1.00,nan,0.00,nan,-1000.00
3,1471726884,326.00,-32.40,6.17,7.43,67.84,36.00,0.00,1.00,nan,0.00,nan,-1000.00
3,1471727247,372.00,-56.40,6.17,7.43,68.01,36.00,0.00,1.00,nan,0.00,nan,-1000.00
3,1471727610,382.00,-70.40,6.17,7.43,67.70,36.00,0.00,1.00,nan,0.00,nan,-1000.00
3,1471727973,373.00,-93.70,6.17,7.41,68.14,36.00,0.00,1.00,nan,0.00,nan,-1000.00
3,1471728336,383.00,-101.50,6.18,7.44,68.04,36.00,0.00,1.00,nan,0.00,nan,-1000.00
3,1471728699,381.00,-130.10,6.18,7.40,68.64,37.00,0.00,1.00,nan,0.00,nan,-1000.00
3,1471729063,383.00,-179.10,6.19,7.41,68.22,36.00,0.00,1.00,nan,0.00,nan,-1000.00
3,1471729426,369.00,214.00,6.18,7.44,69.49,37.00,0.00,1.00,nan,0.00,nan,-1000.00
3,1471729789,384.00,241.60,6.18,7.38,67.67,36.00,0.00,1.00,nan,0.00,nan,-1000.00
3,1471730152,372.00,159.50,6.18,7.37,71.20,38.00,0.00,1.00,nan,0.00,nan,-1000.00
3,1471730515,374.00,161.50,6.16,7.31,66.87,36.00,0.00,1.00,nan,0.00,nan,-1000.00
3,1471730879,372.00,-209.00,6.16,7.37,68.56,37.00,0.00,1.00,nan,0.00,nan,-1000.00
3,1471731242,376.00,-391.70,6.16,7.37,65.76,35.00,0.00,1.00,nan,0.00,nan,-1000.00
3,1471731605,375.00,-444.10,6.15,7.42,66.23,35.00,0.00,1.00,nan,0.00,nan,-1000.00
3,1471731969,373.00,-475.00,6.15,7.36,66.43,35.00,0.00,1.00,nan,0.00,nan,-1000.00
3,1471732332,371.00,-484.40,6.15,7.36,69.09,37.00,0.00,1.00,nan,0.00,nan,-1000.00
3,1471732695,374.00,-489.20,6.15,7.34,66.59,35.00,0.00,1.00,nan,0.00,nan,-1000.00
3,1471733059,381.00,-490.10,6.15,7.30,66.03,35.00,0.00,1.00,nan,0.00,nan,-1000.00
3,1471733422,380.00,-491.40,6.15,7.31,66.21,35.00,0.00,1.00,nan,0.00,nan,-1000.00
3,1471733785,364.00,-489.80,6.15,7.32,67.65,36.00,0.00,1.00,nan,0.00,nan,-1000.00
3,1471734148,375.00,-484.70,6.14,7.28,66.52,35.00,0.00,1.00,nan,0.00,nan,-1000.00
3,1471734512,370.00,-473.50,6.14,7.29,66.50,35.00,0.00,1.00,nan,0.00,nan,-1000.00
3,1471734875,328.00,-474.30,6.14,7.30,66.96,36.00,0.00,1.00,nan,0.00,nan,-1000.00
3,1471735238,374.00,-479.60,6.14,7.36,66.16,35.00,0.00,1.00,nan,0.00,nan,-1000.00
3,1471735601,380.00,-488.30,6.14,7.39,66.39,35.00,0.00,1.00,nan,0.00,nan,-1000.00
3,1471735965,359.00,-490.90,6.15,7.20,66.66,35.00,0.00,1.00,nan,0.00,nan,-1000.00
3,1471736328,373.00,-484.00,6.15,7.27,66.38,35.00,0.00,1.00,nan,0.00,nan,-1000.00
3,1471736691,372.00,-486.40,6.15,7.23,66.53,35.00,0.00,1.00,nan,0.00,nan,-1000.00
3,1471737054,370.00,-490.00,6.15,7.33,66.10,35.00,0.00,1.00,nan,0.00,nan,-1000.00
3,1471737418,375.00,-491.60,6.16,7.30,66.83,36.00,0.00,1.00,nan,0.00,nan,-1000.00
3,1471737781,376.00,-483.70,6.16,7.29,66.67,36.00,0.00,1.00,nan,0.00,nan,-1000.00
3,1471738144,381.00,-491.60,6.16,7.24,69.20,37.00,0.00,1.00,nan,0.00,nan,-1000.00
3,1471738507,382.00,-487.00,6.17,7.26,66.31,35.00,0.00,1.00,nan,0.00,nan,-1000.00
3,1471738870,378.00,225.80,6.09,7.18,67.85,36.00,0.00,1.00,nan,0.00,nan,-1000.00
3,1471739233,379.00,10.30,6.06,7.24,66.32,35.00,0.00,1.00,nan,0.00,nan,-1000.00
3,1471739596,372.00,108.20,6.07,7.33,65.19,35.00,0.00,1.00,nan,0.00,nan,-1000.00
3,1471739960,372.00,104.10,6.07,7.22,65.03,35.00,0.00,1.00,nan,0.00,nan,-1000.00
3,1471740323,374.00,69.10,6.06,7.24,65.39,35.00,0.00,1.00,nan,0.00,nan,-1000.00
3,1471740685,382.00,56.40,6.06,7.19,65.65,35.00,0.00,1.00,nan,0.00,nan,-1000.00
3,1471741048,377.00,44.80,6.06,7.20,64.79,34.00,0.00,1.00,nan,0.00,nan,-1000.00
3,1471741411,373.00,41.80,6.06,7.25,68.29,36.00,0.00,1.00,nan,0.00,nan,-1000.00
3,1471741774,381.00,73.90,6.07,7.24,65.35,35.00,0.00,1.00,nan,0.00,nan,-1000.00
3,1471742137,376.00,70.50,6.08,7.30,65.21,35.00,0.00,1.00,nan,0.00,nan,-1000.00
3,1471742500,376.00,64.80,6.08,7.19,64.92,35.00,0.00,1.00,nan,0.00,nan,-1000.00
3,1471742863,377.00,43.20,6.09,7.21,65.10,35.00,0.00,1.00,nan,0.00,nan,-1000.00
3,1471743226,329.00,38.70,6.10,7.19,65.05,35.00,0.00,1.00,nan,0.00,nan,-1000.00
3,1471743589,378.00,26.30,6.09,7.17,67.84,36.00,0.00,1.00,nan,0.00,nan,-1000.00
3,1471743952,381.00,16.90,6.10,7.17,64.74,34.00,0.00,1.00,nan,0.00,nan,-1000.00
3,1471744315,377.00,15.20,6.10,7.20,64.88,35.00,0.00,1.00,nan,0.00,nan,-1000.00
3,1471744678,369.00,70.00,6.10,7.10,64.83,35.00,0.00,1.00,nan,0.00,nan,-1000.00
3,1471745041,380.00,110.90,6.10,7.18,65.55,35.00,0.00,1.00,nan,0.00,nan,-1000.00
3,1471745405,329.00,115.70,6.11,7.16,64.71,34.00,0.00,1.00,nan,0.00,nan,-1000.00
3,1471745768,377.00,101.00,6.11,7.21,64.78,34.00,0.00,1.00,nan,0.00,nan,-1000.00
3,1471746131,379.00,86.60,6.11,7.17,64.99,35.00,0.00,1.00,nan,0.00,nan,-1000.00
3,1471746494,376.00,70.80,6.12,7.12,64.71,34.00,0.00,1.00,nan,0.00,nan,-1000.00
3,1471746857,380.00,65.00,6.12,7.13,64.47,34.00,0.00,1.00,nan,0.00,nan,-1000.00
3,1471747220,367.00,72.80,6.12,7.14,64.97,35.00,0.00,1.00,nan,0.00,nan,-1000.00
3,1471747583,379.00,101.50,6.12,7.15,67.98,36.00,0.00,1.00,nan,0.00,nan,-1000.00
3,1471747946,328.00,145.40,6.12,7.26,64.75,34.00,0.00,1.00,nan,0.00,nan,-1000.00
3,1471748310,377.00,105.60,6.12,7.16,65.98,35.00,0.00,1.00,nan,0.00,nan,-1000.00
3,1471748673,374.00,235.80,6.12,7.14,65.03,35.00,0.00,1.00,nan,0.00,nan,-1000.00
3,1471749036,380.00,218.50,6.12,7.15,67.63,36.00,0.00,1.00,nan,0.00,nan,-1000.00
3,1471749399,372.00,253.10,6.12,7.11,64.85,35.00,0.00,1.00,nan,0.00,nan,-1000.00
3,1471749762,375.00,265.00,6.12,7.17,64.69,34.00,0.00,1.00,nan,0.00,nan,-1000.00
3,1471750125,373.00,176.00,6.06,7.20,66.28,35.00,0.00,1.00,nan,0.00,nan,-1000.00
3,1471750488,375.00,148.20,6.00,7.10,65.39,35.00,0.00,1.00,nan,0.00,nan,-1000.00
3,1471750852,328.00,140.80,6.00,7.11,64.92,35.00,0.00,1.00,nan,0.00,nan,-1000.00
3,1471751215,376.00,126.40,6.00,7.09,69.45,37.00,0.00,1.00,nan,0.00,nan,-1000.00
3,1471751578,330.00,120.70,6.05,7.06,66.11,35.00,0.00,1.00,nan,0.00,nan,-1000.00
3,1471751941,377.00,201.30,6.03,7.03,65.57,35.00,0.00,1.00,nan,0.00,nan,-1000.00
3,1471752304,373.00,181.00,6.02,7.06,74.89,40.00,0.00,1.00,nan,0.00,nan,-1000.00
3,1471752667,377.00,139.90,6.03,7.17,66.23,35.00,0.00,1.00,nan,0.00,nan,-1000.00
3,1471753031,382.00,226.20,6.02,7.14,65.44,35.00,0.00,1.00,nan,0.00,nan,-1000.00
3,1471753394,374.00,258.90,6.02,7.11,66.45,35.00,0.00,1.00,nan,0.00,nan,-1000.00
3,1471753757,372.00,230.30,6.02,7.07,66.30,35.00,0.00,1.00,nan,0.00,nan,-1000.00
3,1471754120,374.00,224.90,6.04,7.09,65.26,35.00,0.00,1.00,nan,0.00,nan,-1000.00
3,1471754484,369.00,223.10,6.03,7.14,66.14,35.00,0.00,1.00,nan,0.00,nan,-1000.00
3,1471754847,376.00,211.50,6.04,7.15,67.03,36.00,0.00,1.00,nan,0.00,nan,-1000.00
3,1471755210,376.00,205.20,6.05,7.05,64.86,35.00,0.00,1.00,nan,0.00,nan,-1000.00
3,1471755573,371.00,216.40,6.07,7.10,66.80,36.00,0.00,1.00,nan,0.00,nan,-1000.00
3,1471755936,373.00,181.70,6.06,7.10,66.03,35.00,0.00,1.00,nan,0.00,nan,-1000.00
3,1471756300,382.00,199.30,6.07,7.16,65.20,35.00,0.00,1.00,nan,0.00,nan,-1000.00
3,1471756663,380.00,204.90,6.07,7.14,65.39,35.00,0.00,1.00,nan,0.00,nan,-1000.00
3,1471757026,380.00,192.00,6.09,7.10,64.74,34.00,0.00,1.00,nan,0.00,nan,-1000.00
3,1471757389,383.00,153.70,6.10,7.10,67.69,36.00,0.00,1.00,nan,0.00,nan,-1000.00
3,1471757752,377.00,128.60,6.09,7.14,68.77,37.00,0.00,1.00,nan,0.00,nan,-1000.00
3,1471758116,378.00,107.20,6.09,7.16,66.24,35.00,0.00,1.00,nan,0.00,nan,-1000.00
3,1471758479,377.00,106.90,6.09,7.19,65.49,35.00,0.00,1.00,nan,0.00,nan,-1000.00
3,1471758842,379.00,107.00,6.10,7.18,67.69,36.00,0.00,1.00,nan,0.00,nan,-1000.00
3,1471759205,371.00,111.60,6.09,7.18,66.44,35.00,0.00,1.00,nan,0.00,nan,-1000.00
3,1471759568,367.00,110.40,6.07,7.24,66.08,35.00,0.00,1.00,nan,0.00,nan,-1000.00
3,1471759931,377.00,114.30,6.08,7.22,65.53,35.00,0.00,1.00,nan,0.00,nan,-1000.00
3,1471760294,366.00,102.10,6.07,7.17,65.49,35.00,0.00,1.00,nan,0.00,nan,-1000.00
3,1471760657,377.00,103.30,6.06,7.17,64.44,34.00,0.00,1.00,nan,0.00,nan,-1000.00
3,1471761020,372.00,117.60,6.05,7.17,65.05,35.00,0.00,1.00,nan,0.00,nan,-1000.00
3,1471761383,374.00,125.10,6.05,7.20,65.33,35.00,0.00,1.00,nan,0.00,nan,-1000.00
3,1471761746,374.00,143.70,6.05,7.27,64.81,34.00,0.00,1.00,nan,0.00,nan,-1000.00
3,1471762109,374.00,172.80,6.02,7.25,64.92,35.00,0.00,1.00,nan,0.00,nan,-1000.00
3,1471762472,371.00,226.30,6.01,7.30,61.78,33.00,0.00,1.00,nan,0.00,nan,-1000.00
3,1471762835,367.00,225.50,5.97,7.30,61.13,33.00,0.00,1.00,nan,0.00,nan,-1000.00
3,1471763198,372.00,196.30,5.92,7.34,64.87,35.00,0.00,1.00,nan,0.00,nan,-1000.00
3,1471763561,320.00,158.40,5.92,7.34,61.04,32.00,0.00,1.00,nan,0.00,nan,-1000.00
3,1471763924,351.00,142.90,5.91,7.33,64.07,34.00,0.00,1.00,nan,0.00,nan,-1000.00
3,1471764287,371.00,155.50,5.87,7.30,66.12,35.00,0.00,1.00,nan,0.00,nan,-1000.00
3,1471764650,364.00,193.60,5.84,7.30,62.08,33.00,0.00,1.00,nan,0.00,nan,-1000.00
3,1471765013,360.00,205.60,5.82,7.29,62.37,33.00,0.00,1.00,nan,0.00,nan,-1000.00
3,1471765376,357.00,218.90,5.80,7.32,63.32,34.00,0.00,1.00,nan,0.00,nan,-1000.00
3,1471765739,372.00,248.80,5.77,7.30,67.37,36.00,0.00,1.00,nan,0.00,nan,-1000.00
3,1471766102,360.00,317.40,5.74,7.30,63.34,34.00,0.00,1.00,nan,0.00,nan,-1000.00
3,1471766465,363.00,308.70,5.72,7.27,63.82,34.00,0.00,1.00,nan,0.00,nan,-1000.00
3,1471766828,367.00,301.50,5.70,7.33,64.00,34.00,0.00,1.00,nan,0.00,nan,-1000.00
3,1471767191,366.00,264.40,5.69,7.32,64.08,34.00,0.00,1.00,nan,0.00,nan,-1000.00
3,1471767554,366.00,244.90,5.66,7.31,68.68,37.00,0.00,1.00,nan,0.00,nan,-1000.00
3,1471767917,360.00,251.00,5.64,7.33,64.41,34.00,0.00,1.00,nan,0.00,nan,-1000.00
3,1471768301,359.00,255.00,5.62,65.16,35.00,0.00,1.00,nan,0.00,nan,-1000.00,0.00
3,1471768706,361.00,65.62,35.00,0.00,1.00,nan,0.00,nan,-1000.00,0.00,0.00,0.00
3,1471769111,368.00,65.28,35.00,0.00,1.00,nan,0.00,nan,-1000.00,0.00,0.00,0.00
3,1471769516,359.00,65.42,35.00,0.00,1.00,nan,0.00,nan,-1000.00,0.00,0.00,0.00
3,1471769920,368.00,65.67,35.00,0.00,1.00,nan,0.00,nan,-1000.00,0.00,0.00,0.00
3,1471770325,360.00,66.53,35.00,0.00,1.00,nan,0.00,nan,-1000.00,0.00,0.00,0.00
3,1471770729,364.00,66.88,36.00,0.00,1.00,nan,0.00,nan,-1000.00,0.00,0.00,0.00
3,1471771134,365.00,66.99,36.00,0.00,1.00,nan,0.00,nan,-1000.00,0.00,0.00,0.00
3,1471771539,363.00,66.31,35.00,0.00,1.00,nan,0.00,nan,-1000.00,0.00,0.00,0.00
3,1471771944,364.00,66.53,35.00,0.00,1.00,nan,0.00,nan,-1000.00,0.00,0.00,0.00
3,1471772348,362.00,66.19,35.00,0.00,1.00,nan,0.00,nan,-1000.00,0.00,0.00,0.00
3,1471772753,365.00,66.71,36.00,0.00,1.00,nan,0.00,nan,-1000.00,0.00,0.00,0.00
3,1471773158,365.00,66.81,36.00,0.00,1.00,nan,0.00,nan,-1000.00,0.00,0.00,0.00
3,1471773562,363.00,66.63,35.00,0.00,1.00,nan,0.00,nan,-1000.00,0.00,0.00,0.00
3,1471773967,366.00,66.54,35.00,0.00,1.00,nan,0.00,nan,-1000.00,0.00,0.00,0.00
3,1471774372,358.00,66.97,36.00,0.00,1.00,nan,0.00,nan,-1000.00,0.00,0.00,0.00
3,1471774776,366.00,67.02,36.00,0.00,1.00,nan,0.00,nan,-1000.00,0.00,0.00,0.00
3,1471775181,359.00,67.54,36.00,0.00,1.00,nan,0.00,nan,-1000.00,0.00,0.00,0.00
3,1471775586,362.00,67.08,36.00,0.00,1.00,nan,0.00,nan,-1000.00,0.00,0.00,0.00
3,1471775990,369.00,67.47,36.00,0.00,1.00,nan,0.00,nan,-1000.00,0.00,0.00,0.00
3,1471776395,360.00,68.02,36.00,0.00,1.00,nan,0.00,nan,-1000.00,0.00,0.00,0.00
3,1471776800,367.00,67.75,36.00,0.00,1.00,nan,0.00,nan,-1000.00,0.00,0.00,0.00
3,1471777205,358.00,67.66,36.00,0.00,1.00,nan,0.00,nan,-1000.00,0.00,0.00,0.00
3,1471777610,367.00,67.94,36.00,0.00,1.00,nan,0.00,nan,-1000.00,0.00,0.00,0.00
3,1471778014,361.00,67.82,36.00,0.00,1.00,nan,0.00,nan,-1000.00,0.00,0.00,0.00
3,1471778419,369.00,67.91,36.00,0.00,1.00,nan,0.00,nan,-1000.00,0.00,0.00,0.00
3,1471778824,359.00,67.89,36.00,0.00,1.00,nan,0.00,nan,-1000.00,0.00,0.00,0.00
3,1471779228,360.00,68.07,36.00,0.00,1.00,nan,0.00,nan,-1000.00,0.00,0.00,0.00
3,1471779633,368.00,67.77,36.00,0.00,1.00,nan,0.00,nan,-1000.00,0.00,0.00,0.00
3,1471780038,370.00,68.86,37.00,0.00,1.00,nan,0.00,nan,-1000.00,0.00,0.00,0.00
3,1471780442,363.00,68.52,37.00,0.00,1.00,nan,0.00,nan,-1000.00,0.00,0.00,0.00
3,1471780847,368.00,68.50,36.00,0.00,1.00,nan,0.00,nan,-1000.00,0.00,0.00,0.00
3,1471781252,317.00,68.10,36.00,0.00,1.00,nan,0.00,nan,-1000.00,0.00,0.00,0.00
3,1471781656,366.00,68.07,36.00,0.00,1.00,nan,0.00,nan,-1000.00,0.00,0.00,0.00
3,1471782061,361.00,68.23,36.00,0.00,1.00,nan,0.00,nan,-1000.00,0.00,0.00,0.00
3,1471782466,358.00,68.31,36.00,0.00,1.00,nan,0.00,nan,-1000.00,0.00,0.00,0.00
3,1471782871,361.00,68.41,36.00,0.00,1.00,nan,0.00,nan,-1000.00,0.00,0.00,0.00
3,1471783275,365.00,68.16,36.00,0.00,1.00,nan,0.00,nan,-1000.00,0.00,0.00,0.00
3,1471783676,381.00,0.00,nan,0.00,nan,-1000.00,0.00,0.00,0.00,0.00,0.00,0.00
3,1471784077,382.00,0.00,nan,0.00,nan,-1000.00,0.00,0.00,0.00,0.00,0.00,0.00
3,1471784477,373.00,0.00,0.00,nan,0.00,nan,-1000.00,0.00,0.00,0.00,0.00,0.00
3,1471784878,377.00,0.00,nan,0.00,nan,-1000.00,0.00,0.00,0.00,0.00,0.00,0.00
3,1471785279,371.00,0.00,nan,0.00,nan,-1000.00,0.00,0.00,0.00,0.00,0.00,0.00
3,1471785680,372.00,0.00,nan,0.00,nan,-1000.00,0.00,0.00,0.00,0.00,0.00,0.00
3,1471786080,376.00,0.00,nan,0.00,nan,-1000.00,0.00,0.00,0.00,0.00,0.00,0.00
3,1471786481,380.00,0.00,nan,0.00,nan,-1000.00,0.00,0.00,0.00,0.00,0.00,0.00
3,1471786882,373.00,0.00,nan,0.00,nan,-1000.00,0.00,0.00,0.00,0.00,0.00,0.00
3,1471787282,378.00,0.00,nan,0.00,nan,-1000.00,0.00,0.00,0.00,0.00,0.00,0.00
3,1471787682,374.00,0.00,nan,0.00,nan,-1000.00,0.00,0.00,0.00,0.00,0.00,0.00
3,1471788083,375.00,0.00,nan,0.00,nan,-1000.00,0.00,0.00,0.00,0.00,0.00,0.00
3,1471788484,372.00,0.00,nan,0.00,nan,-1000.00,0.00,0.00,0.00,0.00,0.00,0.00
3,1471788884,379.00,0.00,nan,0.00,nan,-1000.00,0.00,0.00,0.00,0.00,0.00,0.00
3,1471789284,371.00,0.00,nan,0.00,nan,-1000.00,0.00,0.00,0.00,0.00,0.00,0.00
3,1471789685,367.00,0.00,nan,0.00,nan,-1000.00,0.00,0.00,0.00,0.00,0.00,0.00
3,1471790085,372.00,0.00,nan,0.00,nan,-1000.00,0.00,0.00,0.00,0.00,0.00,0.00
3,1471790486,368.00,0.00,nan,0.00,nan,-1000.00,0.00,0.00,0.00,0.00,0.00,0.00
3,1471790887,375.00,nan,0.00,nan,-1000.00,0.00,0.00,0.00,0.00,0.00,0.00,0.00
3,1471791288,372.00,0.00,nan,0.00,nan,-1000.00,0.00,0.00,0.00,0.00,0.00,0.00
3,1471791688,373.00,0.00,0.00,nan,0.00,nan,-1000.00,0.00,0.00,0.00,0.00,0.00
3,1471792092,368.00,69.63,37.00,0.00,1.00,nan,0.00,nan,-1000.00,0.00,0.00,0.00
3,1471792497,315.00,69.70,37.00,0.00,1.00,nan,0.00,nan,-1000.00,0.00,0.00,0.00
3,1471792902,368.00,69.49,37.00,0.00,1.00,nan,0.00,nan,-1000.00,0.00,0.00,0.00
3,1471793307,369.00,69.43,37.00,0.00,1.00,nan,0.00,nan,-1000.00,0.00,0.00,0.00
3,1471793711,358.00,69.34,37.00,0.00,1.00,nan,0.00,nan,-1000.00,0.00,0.00,0.00
3,1471794116,357.00,69.89,37.00,0.00,1.00,nan,0.00,nan,-1000.00,0.00,0.00,0.00
3,1471794521,362.00,69.44,37.00,0.00,1.00,nan,0.00,nan,-1000.00,0.00,0.00,0.00
3,1471794926,362.00,69.03,37.00,0.00,1.00,nan,0.00,nan,-1000.00,0.00,0.00,0.00
3,1471795330,360.00,69.22,37.00,0.00,1.00,nan,0.00,nan,-1000.00,0.00,0.00,0.00
3,1471795735,365.00,69.31,37.00,0.00,1.00,nan,0.00,nan,-1000.00,0.00,0.00,0.00
3,1471796140,371.00,71.48,38.00,0.00,1.00,nan,0.00,nan,-1000.00,0.00,0.00,0.00
3,1471796545,375.00,71.09,38.00,0.00,1.00,nan,0.00,nan,-1000.00,0.00,0.00,0.00
3,1471796949,365.00,70.85,38.00,0.00,1.00,nan,0.00,nan,-1000.00,0.00,0.00,0.00
3,1471797354,375.00,70.47,38.00,0.00,1.00,nan,0.00,nan,-1000.00,0.00,0.00,0.00
3,1471797759,377.00,73.95,39.00,0.00,1.00,nan,0.00,nan,-1000.00,0.00,0.00,0.00
3,1471798164,378.00,70.23,37.00,0.00,1.00,nan,0.00,nan,-1000.00,0.00,0.00,0.00
3,1471798569,367.00,70.73,38.00,0.00,1.00,nan,0.00,nan,-1000.00,0.00,0.00,0.00
3,1471798974,376.00,70.51,38.00,0.00,1.00,nan,0.00,nan,-1000.00,0.00,0.00,0.00
3,1471799379,358.00,69.82,37.00,0.00,1.00,nan,0.00,nan,-1000.00,0.00,0.00,0.00
3,1471799784,376.00,70.72,38.00,0.00,1.00,nan,0.00,nan,-1000.00,0.00,0.00,0.00
3,1471800189,368.00,70.27,37.00,0.00,1.00,nan,0.00,nan,-1000.00,0.00,0.00,0.00
3,1471800594,372.00,69.77,37.00,0.00,1.00,nan,0.00,nan,-1000.00,0.00,0.00,0.00
3,1471800998,365.00,69.58,37.00,0.00,1.00,nan,0.00,nan,-1000.00,0.00,0.00,0.00
3,1471801403,379.00,68.91,37.00,0.00,1.00,nan,0.00,nan,-1000.00,0.00,0.00,0.00
3,1471801808,369.00,68.41,36.00,0.00,1.00,nan,0.00,nan,-1000.00,0.00,0.00,0.00
3,1471802213,368.00,68.83,37.00,0.00,1.00,nan,0.00,nan,-1000.00,0.00,0.00,0.00
3,1471802618,381.00,69.81,37.00,0.00,1.00,nan,0.00,nan,-1000.00,0.00,0.00,0.00
3,1471803023,378.00,69.97,37.00,0.00,1.00,nan,0.00,nan,-1000.00,0.00,0.00,0.00
3,1471803428,371.00,70.83,38.00,0.00,1.00,nan,0.00,nan,-1000.00,0.00,0.00,0.00
3,1471803833,370.00,70.36,37.00,0.00,1.00,nan,0.00,nan,-1000.00,0.00,0.00,0.00
3,1471804238,376.00,70.61,38.00,0.00,1.00,nan,0.00,nan,-1000.00,0.00,0.00,0.00
3,1471804643,375.00,70.61,38.00,0.00,1.00,nan,0.00,nan,-1000.00,0.00,0.00,0.00
3,1471805048,382.00,71.19,38.00,0.00,1.00,nan,0.00,nan,-1000.00,0.00,0.00,0.00
3,1471805453,380.00,72.14,38.00,0.00,1.00,nan,0.00,nan,-1000.00,0.00,0.00,0.00
3,1471805858,371.00,71.38,38.00,0.00,1.00,nan,0.00,nan,-1000.00,0.00,0.00,0.00
3,1471806263,372.00,71.31,38.00,0.00,1.00,nan,0.00,nan,-1000.00,0.00,0.00,0.00
3,1471806668,381.00,71.24,38.00,0.00,1.00,nan,0.00,nan,-1000.00,0.00,0.00,0.00
3,1471807073,378.00,70.79,38.00,0.00,1.00,nan,0.00,nan,-1000.00,0.00,0.00,0.00
3,1471807478,378.00,70.91,38.00,0.00,1.00,nan,0.00,nan,-1000.00,0.00,0.00,0.00
3,1471807883,372.00,69.56,37.00,0.00,1.00,nan,0.00,nan,-1000.00,0.00,0.00,0.00
3,1471808288,379.00,69.71,37.00,0.00,1.00,nan,0.00,nan,-1000.00,0.00,0.00,0.00
3,1471808693,374.00,70.48,38.00,0.00,1.00,nan,0.00,nan,-1000.00,0.00,0.00,0.00
3,1471809098,327.00,68.94,37.00,0.00,1.00,nan,0.00,nan,-1000.00,0.00,0.00,0.00
3,1471809503,377.00,68.40,36.00,0.00,1.00,nan,0.00,nan,-1000.00,0.00,0.00,0.00
3,1471809908,374.00,68.82,37.00,0.00,1.00,nan,0.00,nan,-1000.00,0.00,0.00,0.00
3,1471810313,327.00,71.60,38.00,0.00,1.00,nan,0.00,nan,-1000.00,0.00,0.00,0.00
3,1471810718,369.00,73.23,39.00,0.00,1.00,nan,0.00,nan,-1000.00,0.00,0.00,0.00
3,1471811123,373.00,73.43,39.00,0.00,1.00,nan,0.00,nan,-1000.00,0.00,0.00,0.00
3,1471811528,375.00,68.11,36.00,0.00,1.00,nan,0.00,nan,-1000.00,0.00,0.00,0.00
3,1471811933,374.00,68.74,37.00,0.00,1.00,nan,0.00,nan,-1000.00,0.00,0.00,0.00
3,1471812338,377.00,68.43,36.00,0.00,1.00,nan,0.00,nan,-1000.00,0.00,0.00,0.00
3,1471812743,328.00,68.61,37.00,0.00,1.00,nan,0.00,nan,-1000.00,0.00,0.00,0.00
3,1471813148,368.00,68.79,37.00,0.00,1.00,nan,0.00,nan,-1000.00,0.00,0.00,0.00
3,1471813553,377.00,68.41,36.00,0.00,1.00,nan,0.00,nan,-1000.00,0.00,0.00,0.00
3,1471813958,379.00,68.07,36.00,0.00,1.00,nan,0.00,nan,-1000.00,0.00,0.00,0.00
3,1471814363,382.00,67.81,36.00,0.00,1.00,nan,0.00,nan,-1000.00,0.00,0.00,0.00
3,1471814768,375.00,67.99,36.00,0.00,1.00,nan,0.00,nan,-1000.00,0.00,0.00,0.00
3,1471815173,379.00,67.78,36.00,0.00,1.00,nan,0.00,nan,-1000.00,0.00,0.00,0.00
3,1471815578,382.00,67.94,36.00,0.00,1.00,nan,0.00,nan,-1000.00,0.00,0.00,0.00
3,1471815983,374.00,68.08,36.00,0.00,1.00,nan,0.00,nan,-1000.00,0.00,0.00,0.00
3,1471816388,327.00,68.00,36.00,0.00,1.00,nan,0.00,nan,-1000.00,0.00,0.00,0.00
3,1471816793,371.00,68.44,36.00,0.00,1.00,nan,0.00,nan,-1000.00,0.00,0.00,0.00
3,1471817198,382.00,68.83,37.00,0.00,1.00,nan,0.00,nan,-1000.00,0.00,0.00,0.00
3,1471817603,377.00,68.08,36.00,0.00,1.00,nan,0.00,nan,-1000.00,0.00,0.00,0.00
3,1471818008,380.00,68.22,36.00,0.00,1.00,nan,0.00,nan,-1000.00,0.00,0.00,0.00
3,1471818413,373.00,67.39,36.00,0.00,1.00,nan,0.00,nan,-1000.00,0.00,0.00,0.00
3,1471818818,382.00,67.71,36.00,0.00,1.00,nan,0.00,nan,-1000.00,0.00,0.00,0.00
3,1471819223,370.00,68.03,36.00,0.00,1.00,nan,0.00,nan,-1000.00,0.00,0.00,0.00
3,1471819628,374.00,67.96,36.00,0.00,1.00,nan,0.00,nan,-1000.00,0.00,0.00,0.00
3,1471820033,378.00,67.69,36.00,0.00,1.00,nan,0.00,nan,-1000.00,0.00,0.00,0.00
3,1471820438,371.00,67.42,36.00,0.00,1.00,nan,0.00,nan,-1000.00,0.00,0.00,0.00
3,1471820843,378.00,70.43,38.00,0.00,1.00,nan,0.00,nan,-1000.00,0.00,0.00,0.00
3,1471821248,371.00,70.38,38.00,0.00,1.00,nan,0.00,nan,-1000.00,0.00,0.00,0.00
3,1471821653,378.00,67.31,36.00,0.00,1.00,nan,0.00,nan,-1000.00,0.00,0.00,0.00
3,1471822058,383.00,67.69,36.00,0.00,1.00,nan,0.00,nan,-1000.00,0.00,0.00,0.00
3,1471822463,376.00,67.36,36.00,0.00,1.00,nan,0.00,nan,-1000.00,0.00,0.00,0.00
3,1471822868,378.00,67.10,36.00,0.00,1.00,nan,0.00,nan,-1000.00,0.00,0.00,0.00
3,1471823273,372.00,67.58,36.00,0.00,1.00,nan,0.00,nan,-1000.00,0.00,0.00,0.00
3,1471823678,379.00,67.45,36.00,0.00,1.00,nan,0.00,nan,-1000.00,0.00,0.00,0.00
3,1471824083,375.00,67.67,36.00,0.00,1.00,nan,0.00,nan,-1000.00,0.00,0.00,0.00
3,1471824488,368.00,67.62,36.00,0.00,1.00,nan,0.00,nan,-1000.00,0.00,0.00,0.00
3,1471824893,328.00,67.99,36.00,0.00,1.00,nan,0.00,nan,-1000.00,0.00,0.00,0.00
3,1471825298,380.00,67.29,36.00,0.00,1.00,nan,0.00,nan,-1000.00,0.00,0.00,0.00
3,1471825703,372.00,70.28,37.00,0.00,1.00,nan,0.00,nan,-1000.00,0.00,0.00,0.00
3,1471826108,373.00,67.21,36.00,0.00,1.00,nan,0.00,nan,-1000.00,0.00,0.00,0.00
3,1471826513,372.00,70.62,38.00,0.00,1.00,nan,0.00,nan,-1000.00,0.00,0.00,0.00
3,1471826918,380.00,67.45,36.00,0.00,1.00,nan,0.00,nan,-1000.00,0.00,0.00,0.00
3,1471827323,366.00,67.44,36.00,0.00,1.00,nan,0.00,nan,-1000.00,0.00,0.00,0.00
3,1471827728,328.00,67.27,36.00,0.00,1.00,nan,0.00,nan,-1000.00,0.00,0.00,0.00
3,1471828133,318.00,67.44,36.00,0.00,1.00,nan,0.00,nan,-1000.00,0.00,0.00,0.00
3,1471828538,327.00,67.47,36.00,0.00,1.00,nan,0.00,nan,-1000.00,0.00,0.00,0.00
3,1471828943,373.00,67.35,36.00,0.00,1.00,nan,0.00,nan,-1000.00,0.00,0.00,0.00
3,1471829348,377.00,66.93,36.00,0.00,1.00,nan,0.00,nan,-1000.00,0.00,0.00,0.00
3,1471829753,370.00,67.42,36.00,0.00,1.00,nan,0.00,nan,-1000.00,0.00,0.00,0.00
3,1471830158,371.00,67.48,36.00,0.00,1.00,nan,0.00,nan,-1000.00,0.00,0.00,0.00
3,1471830563,376.00,67.68,36.00,0.00,1.00,nan,0.00,nan,-1000.00,0.00,0.00,0.00
3,1471830969,374.00,67.35,36.00,0.00,1.00,nan,0.00,nan,-1000.00,0.00,0.00,0.00
3,1471831374,375.00,67.36,36.00,0.00,1.00,nan,0.00,nan,-1000.00,0.00,0.00,0.00
3,1471831779,371.00,67.54,36.00,0.00,1.00,nan,0.00,nan,-1000.00,0.00,0.00,0.00
3,1471832184,379.00,67.05,36.00,0.00,1.00,nan,0.00,nan,-1000.00,0.00,0.00,0.00
3,1471832589,374.00,67.39,36.00,0.00,1.00,nan,0.00,nan,-1000.00,0.00,0.00,0.00
3,1471832994,380.00,67.06,36.00,0.00,1.00,nan,0.00,nan,-1000.00,0.00,0.00,0.00
3,1471833399,380.00,68.67,37.00,0.00,1.00,nan,0.00,nan,-1000.00,0.00,0.00,0.00
3,1471833804,373.00,67.50,36.00,0.00,1.00,nan,0.00,nan,-1000.00,0.00,0.00,0.00
3,1471834209,378.00,66.87,36.00,0.00,1.00,nan,0.00,nan,-1000.00,0.00,0.00,0.00
3,1471834614,368.00,67.02,36.00,0.00,1.00,nan,0.00,nan,-1000.00,0.00,0.00,0.00
3,1471835019,375.00,67.02,36.00,0.00,1.00,nan,0.00,nan,-1000.00,0.00,0.00,0.00
3,1471835424,374.00,66.77,36.00,0.00,1.00,nan,0.00,nan,-1000.00,0.00,0.00,0.00
3,1471835829,379.00,66.69,36.00,0.00,1.00,nan,0.00,nan,-1000.00,0.00,0.00,0.00
3,1471836234,369.00,66.72,36.00,0.00,1.00,nan,0.00,nan,-1000.00,0.00,0.00,0.00
3,1471836639,378.00,66.74,36.00,0.00,1.00,nan,0.00,nan,-1000.00,0.00,0.00,0.00
3,1471837044,377.00,66.63,35.00,0.00,1.00,nan,0.00,nan,-1000.00,0.00,0.00,0.00
3,1471837449,383.00,66.94,36.00,0.00,1.00,nan,0.00,nan,-1000.00,0.00,0.00,0.00
3,1471837854,381.00,66.93,36.00,0.00,1.00,nan,0.00,nan,-1000.00,0.00,0.00,0.00
3,1471838259,373.00,66.49,35.00,0.00,1.00,nan,0.00,nan,-1000.00,0.00,0.00,0.00
3,1471838664,379.00,66.57,35.00,0.00,1.00,nan,0.00,nan,-1000.00,0.00,0.00,0.00
3,1471839069,370.00,66.76,36.00,0.00,1.00,nan,0.00,nan,-1000.00,0.00,0.00,0.00
3,1471839474,373.00,66.50,35.00,0.00,1.00,nan,0.00,nan,-1000.00,0.00,0.00,0.00
3,1471839879,382.00,67.05,36.00,0.00,1.00,nan,0.00,nan,-1000.00,0.00,0.00,0.00
3,1471840284,371.00,66.69,36.00,0.00,1.00,nan,0.00,nan,-1000.00,0.00,0.00,0.00
3,1471840690,383.00,66.56,35.00,0.00,1.00,nan,0.00,nan,-1000.00,0.00,0.00,0.00
3,1471841095,373.00,66.55,35.00,0.00,1.00,nan,0.00,nan,-1000.00,0.00,0.00,0.00
3,1471841500,376.00,66.38,35.00,0.00,1.00,nan,0.00,nan,-1000.00,0.00,0.00,0.00
3,1471841905,379.00,66.69,36.00,0.00,1.00,nan,0.00,nan,-1000.00,0.00,0.00,0.00
3,1471842310,371.00,66.37,35.00,0.00,1.00,nan,0.00,nan,-1000.00,0.00,0.00,0.00
3,1471842715,378.00,66.07,35.00,0.00,1.00,nan,0.00,nan,-1000.00,0.00,0.00,0.00
3,1471843120,372.00,66.37,35.00,0.00,1.00,nan,0.00,nan,-1000.00,0.00,0.00,0.00
3,1471843525,375.00,66.57,35.00,0.00,1.00,nan,0.00,nan,-1000.00,0.00,0.00,0.00
3,1471843930,378.00,66.07,35.00,0.00,1.00,nan,0.00,nan,-1000.00,0.00,0.00,0.00
3,1471844335,380.00,66.35,35.00,0.00,1.00,nan,0.00,nan,-1000.00,0.00,0.00,0.00
3,1471844740,367.00,66.50,35.00,0.00,1.00,nan,0.00,nan,-1000.00,0.00,0.00,0.00
3,1471845145,377.00,66.41,35.00,0.00,1.00,nan,0.00,nan,-1000.00,0.00,0.00,0.00
3,1471845550,378.00,66.58,35.00,0.00,1.00,nan,0.00,nan,-1000.00,0.00,0.00,0.00
3,1471845954,370.00,69.98,37.00,0.00,1.00,nan,0.00,nan,-1000.00,0.00,0.00,0.00
3,1471846359,365.00,69.51,37.00,0.00,1.00,nan,0.00,nan,-1000.00,0.00,0.00,0.00
3,1471846764,371.00,69.17,37.00,0.00,1.00,nan,0.00,nan,-1000.00,0.00,0.00,0.00
3,1471847169,362.00,68.72,37.00,0.00,1.00,nan,0.00,nan,-1000.00,0.00,0.00,0.00
3,1471847574,373.00,69.84,37.00,0.00,1.00,nan,0.00,nan,-1000.00,0.00,0.00,0.00
3,1471847979,363.00,69.52,37.00,0.00,1.00,nan,0.00,nan,-1000.00,0.00,0.00,0.00
3,1471848383,366.00,64.89,35.00,0.00,1.00,nan,0.00,nan,-1000.00,0.00,0.00,0.00
3,1471848788,368.00,64.54,34.00,0.00,1.00,nan,0.00,nan,-1000.00,0.00,0.00,0.00
3,1471849193,368.00,65.11,35.00,0.00,1.00,nan,0.00,nan,-1000.00,0.00,0.00,0.00
3,1471849597,370.00,65.04,35.00,0.00,1.00,nan,0.00,nan,-1000.00,0.00,0.00,0.00
3,1471850002,366.00,65.07,35.00,0.00,1.00,nan,0.00,nan,-1000.00,0.00,0.00,0.00
3,1471850407,370.00,64.89,35.00,0.00,1.00,nan,0.00,nan,-1000.00,0.00,0.00,0.00
3,1471850812,356.00,65.12,35.00,0.00,1.00,nan,0.00,nan,-1000.00,0.00,0.00,0.00
3,1471851216,367.00,69.29,37.00,0.00,1.00,nan,0.00,nan,-1000.00,0.00,0.00,0.00
3,1471851621,369.00,64.65,34.00,0.00,1.00,nan,0.00,nan,-1000.00,0.00,0.00,0.00
3,1471852026,363.00,65.21,35.00,0.00,1.00,nan,0.00,nan,-1000.00,0.00,0.00,0.00
3,1471852430,358.00,64.77,34.00,0.00,1.00,nan,0.00,nan,-1000.00,0.00,0.00,0.00
3,1471852835,357.00,69.07,37.00,0.00,1.00,nan,0.00,nan,-1000.00,0.00,0.00,0.00
3,1471853240,356.00,65.08,35.00,0.00,1.00,nan,0.00,nan,-1000.00,0.00,0.00,0.00
3,1471853645,348.00,65.20,35.00,0.00,1.00,nan,0.00,nan,-1000.00,0.00,0.00,0.00
3,1471854050,360.00,65.54,35.00,0.00,1.00,nan,0.00,nan,-1000.00,0.00,0.00,0.00
3,1471854455,357.00,65.95,35.00,0.00,1.00,nan,0.00,nan,-1000.00,0.00,0.00,0.00
3,1471854860,359.00,65.91,35.00,0.00,1.00,nan,0.00,nan,-1000.00,0.00,0.00,0.00
3,1471855265,354.00,66.38,35.00,0.00,1.00,nan,0.00,nan,-1000.00,0.00,0.00,0.00
3,1471855670,354.00,66.68,36.00,0.00,1.00,nan,0.00,nan,-1000.00,0.00,0.00,0.00
3,1471856074,364.00,66.90,36.00,0.00,1.00,nan,0.00,nan,-1000.00,0.00,0.00,0.00
3,1471856479,364.00,67.71,36.00,0.00,1.00,nan,0.00,nan,-1000.00,0.00,0.00,0.00
3,1471856884,352.00,67.97,36.00,0.00,1.00,nan,0.00,nan,-1000.00,0.00,0.00,0.00
3,1471857288,361.00,68.40,36.00,0.00,1.00,nan,0.00,nan,-1000.00,0.00,0.00,0.00
3,1471857693,361.00,69.00,37.00,0.00,1.00,nan,0.00,nan,-1000.00,0.00,0.00,0.00
3,1471858098,360.00,70.00,37.00,0.00,1.00,nan,0.00,nan,-1000.00,0.00,0.00,0.00
3,1471858503,365.00,70.20,37.00,0.00,1.00,nan,0.00,nan,-1000.00,0.00,0.00,0.00
3,1471858907,363.00,70.74,38.00,0.00,1.00,nan,0.00,nan,-1000.00,0.00,0.00,0.00
3,1471859312,363.00,71.10,38.00,0.00,1.00,nan,0.00,nan,-1000.00,0.00,0.00,0.00
3,1471859717,369.00,70.88,38.00,0.00,1.00,nan,0.00,nan,-1000.00,0.00,0.00,0.00
3,1471860121,361.00,71.24,38.00,0.00,1.00,nan,0.00,nan,-1000.00,0.00,0.00,0.00
3,1471860526,358.00,71.91,38.00,0.00,1.00,nan,0.00,nan,-1000.00,0.00,0.00,0.00
3,1471860931,366.00,72.03,38.00,0.00,1.00,nan,0.00,nan,-1000.00,0.00,0.00,0.00
3,1471861336,367.00,72.21,38.00,0.00,1.00,nan,0.00,nan,-1000.00,0.00,0.00,0.00
3,1471861740,361.00,71.53,38.00,0.00,1.00,nan,0.00,nan,-1000.00,0.00,0.00,0.00
3,1471862145,359.00,70.52,38.00,0.00,1.00,nan,0.00,nan,-1000.00,0.00,0.00,0.00
3,1471862550,364.00,70.16,37.00,0.00,1.00,nan,0.00,nan,-1000.00,0.00,0.00,0.00
3,1471862954,370.00,70.91,38.00,0.00,1.00,nan,0.00,nan,-1000.00,0.00,0.00,0.00
3,1471863359,367.00,70.19,37.00,0.00,1.00,nan,0.00,nan,-1000.00,0.00,0.00,0.00
3,1471863764,365.00,70.46,38.00,0.00,1.00,nan,0.00,nan,-1000.00,0.00,0.00,0.00
3,1471864168,359.00,69.82,37.00,0.00,1.00,nan,0.00,nan,-1000.00,0.00,0.00,0.00
3,1471864573,361.00,69.65,37.00,0.00,1.00,nan,0.00,nan,-1000.00,0.00,0.00,0.00
3,1471864974,372.00,0.00,nan,0.00,nan,-1000.00,0.00,0.00,0.00,0.00,0.00,0.00
3,1471865374,370.00,0.00,0.00,nan,0.00,nan,-1000.00,0.00,0.00,0.00,0.00,0.00
3,1471865774,378.00,0.00,nan,0.00,nan,-1000.00,0.00,0.00,0.00,0.00,0.00,0.00
3,1471866175,361.00,0.00,nan,0.00,nan,-1000.00,0.00,0.00,0.00,0.00,0.00,0.00
3,1471866576,381.00,0.00,nan,0.00,nan,-1000.00,0.00,0.00,0.00,0.00,0.00,0.00
3,1471866977,380.00,0.00,nan,0.00,nan,-1000.00,0.00,0.00,0.00,0.00,0.00,0.00
3,1471867378,374.00,0.00,nan,0.00,nan,-1000.00,0.00,0.00,0.00,0.00,0.00,0.00
3,1471867778,373.00,0.00,nan,0.00,nan,-1000.00,0.00,0.00,0.00,0.00,0.00,0.00
3,1471868178,373.00,0.00,nan,0.00,nan,-1000.00,0.00,0.00,0.00,0.00,0.00,0.00
3,1471868579,382.00,0.00,nan,0.00,nan,-1000.00,0.00,0.00,0.00,0.00,0.00,0.00
3,1471868979,374.00,0.00,nan,0.00,nan,-1000.00,0.00,0.00,0.00,0.00,0.00,0.00
3,1471869379,374.00,0.00,nan,0.00,nan,-1000.00,0.00,0.00,0.00,0.00,0.00,0.00
3,1471869780,372.00,0.00,nan,0.00,nan,-1000.00,0.00,0.00,0.00,0.00,0.00,0.00
3,1471870181,372.00,0.00,nan,0.00,nan,-1000.00,0.00,0.00,0.00,0.00,0.00,0.00
3,1471870581,379.00,0.00,nan,0.00,nan,-1000.00,0.00,0.00,0.00,0.00,0.00,0.00
3,1471870981,376.00,0.00,nan,0.00,nan,-1000.00,0.00,0.00,0.00,0.00,0.00,0.00
3,1471871382,376.00,0.00,nan,0.00,nan,-1000.00,0.00,0.00,0.00,0.00,0.00,0.00
3,1471871783,380.00,0.00,nan,0.00,nan,-1000.00,0.00,0.00,0.00,0.00,0.00,0.00
3,1471872183,378.00,0.00,nan,0.00,nan,-1000.00,0.00,0.00,0.00,0.00,0.00,0.00
3,1471872583,378.00,0.00,0.00,nan,0.00,nan,-1000.00,0.00,0.00,0.00,0.00,0.00
3,1471872984,379.00,0.00,0.00,nan,0.00,nan,-1000.00,0.00,0.00,0.00,0.00,0.00
3,1471873384,379.00,0.00,nan,0.00,nan,-1000.00,0.00,0.00,0.00,0.00,0.00,0.00
3,1471873784,375.00,0.00,nan,0.00,nan,-1000.00,0.00,0.00,0.00,0.00,0.00,0.00
3,1471874185,376.00,0.00,nan,0.00,nan,-1000.00,0.00,0.00,0.00,0.00,0.00,0.00
3,1471874586,380.00,0.00,0.00,nan,0.00,nan,-1000.00,0.00,0.00,0.00,0.00,0.00
3,1471874986,375.00,0.00,nan,0.00,nan,-1000.00,0.00,0.00,0.00,0.00,0.00,0.00
3,1471875387,370.00,0.00,nan,0.00,nan,-1000.00,0.00,0.00,0.00,0.00,0.00,0.00
3,1471875788,379.00,0.00,nan,0.00,nan,-1000.00,0.00,0.00,0.00,0.00,0.00,0.00
3,1471876188,378.00,0.00,nan,0.00,nan,-1000.00,0.00,0.00,0.00,0.00,0.00,0.00
3,1471876589,377.00,0.00,nan,0.00,nan,-1000.00,0.00,0.00,0.00,0.00,0.00,0.00
3,1471876990,371.00,0.00,nan,0.00,nan,-1000.00,0.00,0.00,0.00,0.00,0.00,0.00
3,1471877390,374.00,0.00,nan,0.00,nan,-1000.00,0.00,0.00,0.00,0.00,0.00,0.00
3,1471877791,375.00,0.00,nan,0.00,nan,-1000.00,0.00,0.00,0.00,0.00,0.00,0.00
3,1471878192,368.00,0.00,0.00,nan,0.00,nan,-1000.00,0.00,0.00,0.00,0.00,0.00
3,1471878596,368.00,59.02,31.00,0.00,1.00,nan,0.00,nan,-1000.00,0.00,0.00,0.00
3,1471879001,360.00,58.22,31.00,0.00,1.00,nan,0.00,nan,-1000.00,0.00,0.00,0.00
3,1471879406,354.00,58.72,31.00,0.00,1.00,nan,0.00,nan,-1000.00,0.00,0.00,0.00
3,1471879810,366.00,58.70,31.00,0.00,1.00,nan,0.00,nan,-1000.00,0.00,0.00,0.00
3,1471880215,353.00,58.36,31.00,0.00,1.00,nan,0.00,nan,-1000.00,0.00,0.00,0.00
3,1471880620,371.00,58.10,31.00,0.00,1.00,nan,0.00,nan,-1000.00,0.00,0.00,0.00
3,1471881024,361.00,57.40,30.00,0.00,1.00,nan,0.00,nan,-1000.00,0.00,0.00,0.00
3,1471881429,318.00,57.05,30.00,0.00,1.00,nan,0.00,nan,-1000.00,0.00,0.00,0.00
3,1471881834,357.00,57.78,31.00,0.00,1.00,nan,0.00,nan,-1000.00,0.00,0.00,0.00
3,1471882238,321.00,55.61,30.00,0.00,1.00,nan,0.00,nan,-1000.00,0.00,0.00,0.00
3,1471882643,372.00,56.01,30.00,0.00,1.00,nan,0.00,nan,-1000.00,0.00,0.00,0.00
3,1471883048,374.00,54.51,29.00,0.00,1.00,nan,0.00,nan,-1000.00,0.00,0.00,0.00
3,1471883453,378.00,55.11,29.00,0.00,1.00,nan,0.00,nan,-1000.00,0.00,0.00,0.00
3,1471883858,376.00,54.43,29.00,0.00,1.00,nan,0.00,nan,-1000.00,0.00,0.00,0.00
3,1471884263,366.00,55.42,29.00,0.00,1.00,nan,0.00,nan,-1000.00,0.00,0.00,0.00
3,1471884668,372.00,54.21,29.00,0.00,1.00,nan,0.00,nan,-1000.00,0.00,0.00,0.00
3,1471885072,377.00,52.03,28.00,0.00,1.00,nan,0.00,nan,-1000.00,0.00,0.00,0.00
3,1471885477,375.00,57.86,31.00,0.00,1.00,nan,0.00,nan,-1000.00,0.00,0.00,0.00
3,1471885882,373.00,50.48,27.00,0.00,1.00,nan,0.00,nan,-1000.00,0.00,0.00,0.00
3,1471886287,379.00,52.44,28.00,0.00,1.00,nan,0.00,nan,-1000.00,0.00,0.00,0.00
3,1471886692,369.00,50.16,27.00,0.00,1.00,nan,0.00,nan,-1000.00,0.00,0.00,0.00
3,1471887097,370.00,60.29,32.00,0.00,1.00,nan,0.00,nan,-1000.00,0.00,0.00,0.00
3,1471887502,324.00,59.96,32.00,0.00,1.00,nan,0.00,nan,-1000.00,0.00,0.00,0.00
3,1471887906,379.00,58.91,31.00,0.00,1.00,nan,0.00,nan,-1000.00,0.00,0.00,0.00
3,1471888311,377.00,61.05,32.00,0.00,1.00,nan,0.00,nan,-1000.00,0.00,0.00,0.00
3,1471888716,373.00,57.72,31.00,0.00,1.00,nan,0.00,nan,-1000.00,0.00,0.00,0.00
3,1471889121,376.00,58.09,31.00,0.00,1.00,nan,0.00,nan,-1000.00,0.00,0.00,0.00
3,1471889526,377.00,60.32,32.00,0.00,1.00,nan,0.00,nan,-1000.00,0.00,0.00,0.00
3,1471889931,370.00,58.42,31.00,0.00,1.00,nan,0.00,nan,-1000.00,0.00,0.00,0.00
3,1471890336,369.00,58.22,31.00,0.00,1.00,nan,0.00,nan,-1000.00,0.00,0.00,0.00
3,1471890741,366.00,56.40,30.00,0.00,1.00,nan,0.00,nan,-1000.00,0.00,0.00,0.00
3,1471891145,358.00,58.13,31.00,0.00,1.00,nan,0.00,nan,-1000.00,0.00,0.00,0.00
3,1471891550,373.00,55.99,30.00,0.00,1.00,nan,0.00,nan,-1000.00,0.00,0.00,0.00
3,1471891955,377.00,56.97,30.00,0.00,1.00,nan,0.00,nan,-1000.00,0.00,0.00,0.00
3,1471892360,380.00,47.28,25.00,0.00,1.00,nan,0.00,nan,-1000.00,0.00,0.00,0.00
3,1471892765,367.00,51.56,27.00,0.00,1.00,nan,0.00,nan,-1000.00,0.00,0.00,0.00
3,1471893170,367.00,59.82,32.00,0.00,1.00,nan,0.00,nan,-1000.00,0.00,0.00,0.00
3,1471893575,373.00,45.94,24.00,0.00,1.00,nan,0.00,nan,-1000.00,0.00,0.00,0.00
3,1471893980,371.00,63.08,34.00,0.00,1.00,nan,0.00,nan,-1000.00,0.00,0.00,0.00
3,1471894385,370.00,59.28,32.00,0.00,1.00,nan,0.00,nan,-1000.00,0.00,0.00,0.00
3,1471894790,370.00,46.56,25.00,0.00,1.00,nan,0.00,nan,-1000.00,0.00,0.00,0.00
3,1471895194,381.00,61.51,33.00,0.00,1.00,nan,0.00,nan,-1000.00,0.00,0.00,0.00
3,1471895599,381.00,64.50,34.00,0.00,1.00,nan,0.00,nan,-1000.00,0.00,0.00,0.00
3,1471896004,379.00,60.08,32.00,0.00,1.00,nan,0.00,nan,-1000.00,0.00,0.00,0.00
3,1471896409,374.00,56.48,30.00,0.00,1.00,nan,0.00,nan,-1000.00,0.00,0.00,0.00
3,1471896814,378.00,59.74,32.00,0.00,1.00,nan,0.00,nan,-1000.00,0.00,0.00,0.00
3,1471897219,380.00,61.78,33.00,0.00,1.00,nan,0.00,nan,-1000.00,0.00,0.00,0.00
3,1471897624,371.00,60.49,32.00,0.00,1.00,nan,0.00,nan,-1000.00,0.00,0.00,0.00
3,1471898029,373.00,61.97,33.00,0.00,1.00,nan,0.00,nan,-1000.00,0.00,0.00,0.00
3,1471898434,372.00,60.38,32.00,0.00,1.00,nan,0.00,nan,-1000.00,0.00,0.00,0.00
3,1471898839,379.00,39.67,21.00,0.00,1.00,nan,0.00,nan,-1000.00,0.00,0.00,0.00
3,1471899244,371.00,35.04,18.00,0.00,1.00,nan,0.00,nan,-1000.00,0.00,0.00,0.00
3,1471899649,374.00,34.41,18.00,0.00,1.00,nan,0.00,nan,-1000.00,0.00,0.00,0.00
3,1471900054,379.00,46.48,25.00,0.00,1.00,nan,0.00,nan,-1000.00,0.00,0.00,0.00
3,1471900459,378.00,37.04,20.00,0.00,1.00,nan,0.00,nan,-1000.00,0.00,0.00,0.00
3,1471900864,379.00,40.72,21.00,0.00,1.00,nan,0.00,nan,-1000.00,0.00,0.00,0.00
3,1471901269,380.00,63.89,34.00,0.00,1.00,nan,0.00,nan,-1000.00,0.00,0.00,0.00
3,1471901674,379.00,45.17,24.00,0.00,1.00,nan,0.00,nan,-1000.00,0.00,0.00,0.00
3,1471902078,373.00,60.42,32.00,0.00,1.00,nan,0.00,nan,-1000.00,0.00,0.00,0.00
3,1471902483,378.00,61.44,33.00,0.00,1.00,nan,0.00,nan,-1000.00,0.00,0.00,0.00
3,1471902888,380.00,49.87,26.00,0.00,1.00,nan,0.00,nan,-1000.00,0.00,0.00,0.00
3,1471903293,368.00,61.19,33.00,0.00,1.00,nan,0.00,nan,-1000.00,0.00,0.00,0.00
3,1471903698,381.00,58.94,31.00,0.00,1.00,nan,0.00,nan,-1000.00,0.00,0.00,0.00
3,1471904103,382.00,53.61,28.00,0.00,1.00,nan,0.00,nan,-1000.00,0.00,0.00,0.00
3,1471904508,381.00,41.58,22.00,0.00,1.00,nan,0.00,nan,-1000.00,0.00,0.00,0.00
3,1471904913,371.00,60.32,32.00,0.00,1.00,nan,0.00,nan,-1000.00,0.00,0.00,0.00
3,1471905318,376.00,60.10,32.00,0.00,1.00,nan,0.00,nan,-1000.00,0.00,0.00,0.00
3,1471905723,379.00,52.89,28.00,0.00,1.00,nan,0.00,nan,-1000.00,0.00,0.00,0.00
3,1471906128,370.00,57.58,31.00,0.00,1.00,nan,0.00,nan,-1000.00,0.00,0.00,0.00
3,1471906533,376.00,59.78,32.00,0.00,1.00,nan,0.00,nan,-1000.00,0.00,0.00,0.00
3,1471906938,373.00,55.98,30.00,0.00,1.00,nan,0.00,nan,-1000.00,0.00,0.00,0.00
3,1471907343,377.00,55.28,29.00,0.00,1.00,nan,0.00,nan,-1000.00,0.00,0.00,0.00
3,1471907748,378.00,58.72,31.00,0.00,1.00,nan,0.00,nan,-1000.00,0.00,0.00,0.00
3,1471908153,380.00,57.39,30.00,0.00,1.00,nan,0.00,nan,-1000.00,0.00,0.00,0.00
3,1471908558,381.00,53.65,28.00,0.00,1.00,nan,0.00,nan,-1000.00,0.00,0.00,0.00
3,1471908963,373.00,44.71,24.00,0.00,1.00,nan,0.00,nan,-1000.00,0.00,0.00,0.00
3,1471909368,377.00,59.00,31.00,0.00,1.00,nan,0.00,nan,-1000.00,0.00,0.00,0.00
3,1471909773,326.00,56.38,30.00,0.00,1.00,nan,0.00,nan,-1000.00,0.00,0.00,0.00
3,1471910178,377.00,59.91,32.00,0.00,1.00,nan,0.00,nan,-1000.00,0.00,0.00,0.00
3,1471910583,368.00,61.01,32.00,0.00,1.00,nan,0.00,nan,-1000.00,0.00,0.00,0.00
3,1471910988,371.00,62.24,33.00,0.00,1.00,nan,0.00,nan,-1000.00,0.00,0.00,0.00
3,1471911393,373.00,62.85,33.00,0.00,1.00,nan,0.00,nan,-1000.00,0.00,0.00,0.00
3,1471911798,372.00,62.55,33.00,0.00,1.00,nan,0.00,nan,-1000.00,0.00,0.00,0.00
3,1471912203,372.00,62.46,33.00,0.00,1.00,nan,0.00,nan,-1000.00,0.00,0.00,0.00
3,1471912608,374.00,63.05,34.00,0.00,1.00,nan,0.00,nan,-1000.00,0.00,0.00,0.00
3,1471913013,378.00,63.69,34.00,0.00,1.00,nan,0.00,nan,-1000.00,0.00,0.00,0.00
3,1471913418,380.00,64.35,34.00,0.00,1.00,nan,0.00,nan,-1000.00,0.00,0.00,0.00
3,1471913823,380.00,64.93,35.00,0.00,1.00,nan,0.00,nan,-1000.00,0.00,0.00,0.00
3,1471914228,363.00,65.27,35.00,0.00,1.00,nan,0.00,nan,-1000.00,0.00,0.00,0.00
3,1471914633,382.00,65.23,35.00,0.00,1.00,nan,0.00,nan,-1000.00,0.00,0.00,0.00
3,1471915038,380.00,65.44,35.00,0.00,1.00,nan,0.00,nan,-1000.00,0.00,0.00,0.00
3,1471915443,379.00,65.29,35.00,0.00,1.00,nan,0.00,nan,-1000.00,0.00,0.00,0.00
3,1471915848,374.00,65.39,35.00,0.00,1.00,nan,0.00,nan,-1000.00,0.00,0.00,0.00
3,1471916253,374.00,65.16,35.00,0.00,1.00,nan,0.00,nan,-1000.00,0.00,0.00,0.00
3,1471916658,382.00,65.14,35.00,0.00,1.00,nan,0.00,nan,-1000.00,0.00,0.00,0.00
3,1471917064,384.00,65.23,35.00,0.00,1.00,nan,0.00,nan,-1000.00,0.00,0.00,0.00
3,1471917469,381.00,65.11,35.00,0.00,1.00,nan,0.00,nan,-1000.00,0.00,0.00,0.00
3,1471917874,379.00,65.00,35.00,0.00,1.00,nan,0.00,nan,-1000.00,0.00,0.00,0.00
3,1471918279,383.00,68.23,36.00,0.00,1.00,nan,0.00,nan,-1000.00,0.00,0.00,0.00
3,1471918684,328.00,65.14,35.00,0.00,1.00,nan,0.00,nan,-1000.00,0.00,0.00,0.00
3,1471919089,374.00,64.95,35.00,0.00,1.00,nan,0.00,nan,-1000.00,0.00,0.00,0.00
3,1471919494,381.00,65.50,35.00,0.00,1.00,nan,0.00,nan,-1000.00,0.00,0.00,0.00
3,1471919899,380.00,65.17,35.00,0.00,1.00,nan,0.00,nan,-1000.00,0.00,0.00,0.00
3,1471920304,375.00,65.45,35.00,0.00,1.00,nan,0.00,nan,-1000.00,0.00,0.00,0.00
3,1471920709,383.00,64.82,35.00,0.00,1.00,nan,0.00,nan,-1000.00,0.00,0.00,0.00
3,1471921114,384.00,68.11,36.00,0.00,1.00,nan,0.00,nan,-1000.00,0.00,0.00,0.00
3,1471921519,371.00,64.97,35.00,0.00,1.00,nan,0.00,nan,-1000.00,0.00,0.00,0.00
3,1471921924,380.00,64.77,34.00,0.00,1.00,nan,0.00,nan,-1000.00,0.00,0.00,0.00
3,1471922329,381.00,64.54,34.00,0.00,1.00,nan,0.00,nan,-1000.00,0.00,0.00,0.00
3,1471922734,371.00,64.50,34.00,0.00,1.00,nan,0.00,nan,-1000.00,0.00,0.00,0.00
3,1471923140,381.00,64.46,34.00,0.00,1.00,nan,0.00,nan,-1000.00,0.00,0.00,0.00
3,1471923545,373.00,64.35,34.00,0.00,1.00,nan,0.00,nan,-1000.00,0.00,0.00,0.00
3,1471923950,375.00,63.99,34.00,0.00,1.00,nan,0.00,nan,-1000.00,0.00,0.00,0.00
3,1471924355,381.00,64.55,34.00,0.00,1.00,nan,0.00,nan,-1000.00,0.00,0.00,0.00
3,1471924760,384.00,64.19,34.00,0.00,1.00,nan,0.00,nan,-1000.00,0.00,0.00,0.00
3,1471925165,377.00,64.19,34.00,0.00,1.00,nan,0.00,nan,-1000.00,0.00,0.00,0.00
3,1471925570,380.00,64.25,34.00,0.00,1.00,nan,0.00,nan,-1000.00,0.00,0.00,0.00
3,1471925975,374.00,64.20,34.00,0.00,1.00,nan,0.00,nan,-1000.00,0.00,0.00,0.00
3,1471926381,371.00,64.37,34.00,0.00,1.00,nan,0.00,nan,-1000.00,0.00,0.00,0.00
3,1471926786,376.00,64.25,34.00,0.00,1.00,nan,0.00,nan,-1000.00,0.00,0.00,0.00
3,1471927191,384.00,64.04,34.00,0.00,1.00,nan,0.00,nan,-1000.00,0.00,0.00,0.00
3,1471927596,373.00,64.20,34.00,0.00,1.00,nan,0.00,nan,-1000.00,0.00,0.00,0.00
3,1471928001,376.00,63.86,34.00,0.00,1.00,nan,0.00,nan,-1000.00,0.00,0.00,0.00
3,1471928406,379.00,63.90,34.00,0.00,1.00,nan,0.00,nan,-1000.00,0.00,0.00,0.00
3,1471928812,374.00,63.64,34.00,0.00,1.00,nan,0.00,nan,-1000.00,0.00,0.00,0.00
3,1471929217,375.00,63.83,34.00,0.00,1.00,nan,0.00,nan,-1000.00,0.00,0.00,0.00
3,1471929622,377.00,67.37,36.00,0.00,1.00,nan,0.00,nan,-1000.00,0.00,0.00,0.00
3,1471930027,376.00,63.96,34.00,0.00,1.00,nan,0.00,nan,-1000.00,0.00,0.00,0.00
3,1471930432,371.00,63.76,34.00,0.00,1.00,nan,0.00,nan,-1000.00,0.00,0.00,0.00
3,1471930837,381.00,63.95,34.00,0.00,1.00,nan,0.00,nan,-1000.00,0.00,0.00,0.00
3,1471931242,379.00,63.63,34.00,0.00,1.00,nan,0.00,nan,-1000.00,0.00,0.00,0.00
3,1471931647,326.00,61.98,33.00,0.00,1.00,nan,0.00,nan,-1000.00,0.00,0.00,0.00
3,1471932052,369.00,61.03,32.00,0.00,1.00,nan,0.00,nan,-1000.00,0.00,0.00,0.00
3,1471932457,372.00,65.14,35.00,0.00,1.00,nan,0.00,nan,-1000.00,0.00,0.00,0.00
3,1471932862,365.00,65.97,35.00,0.00,1.00,nan,0.00,nan,-1000.00,0.00,0.00,0.00
3,1471933267,375.00,66.10,35.00,0.00,1.00,nan,0.00,nan,-1000.00,0.00,0.00,0.00
3,1471933672,373.00,66.21,35.00,0.00,1.00,nan,0.00,nan,-1000.00,0.00,0.00,0.00
3,1471934077,373.00,67.46,36.00,0.00,1.00,nan,0.00,nan,-1000.00,0.00,0.00,0.00
3,1471934481,375.00,63.41,34.00,0.00,1.00,nan,0.00,nan,-1000.00,0.00,0.00,0.00
3,1471934886,374.00,63.64,34.00,0.00,1.00,nan,0.00,nan,-1000.00,0.00,0.00,0.00
3,1471935291,375.00,65.06,35.00,0.00,1.00,nan,0.00,nan,-1000.00,0.00,0.00,0.00
3,1471935696,364.00,65.86,35.00,0.00,1.00,nan,0.00,nan,-1000.00,0.00,0.00,0.00
3,1471936101,371.00,65.33,35.00,0.00,1.00,nan,0.00,nan,-1000.00,0.00,0.00,0.00
3,1471936505,372.00,65.26,35.00,0.00,1.00,nan,0.00,nan,-1000.00,0.00,0.00,0.00
3,1471936910,371.00,65.35,35.00,0.00,1.00,nan,0.00,nan,-1000.00,0.00,0.00,0.00
3,1471937315,370.00,65.15,35.00,0.00,1.00,nan,0.00,nan,-1000.00,0.00,0.00,0.00
3,1471937720,367.00,65.04,35.00,0.00,1.00,nan,0.00,nan,-1000.00,0.00,0.00,0.00
3,1471938124,375.00,64.46,34.00,0.00,1.00,nan,0.00,nan,-1000.00,0.00,0.00,0.00
3,1471938529,368.00,64.05,34.00,0.00,1.00,nan,0.00,nan,-1000.00,0.00,0.00,0.00
3,1471938934,365.00,68.28,36.00,0.00,1.00,nan,0.00,nan,-1000.00,0.00,0.00,0.00
3,1471939339,359.00,68.76,37.00,0.00,1.00,nan,0.00,nan,-1000.00,0.00,0.00,0.00
3,1471939743,371.00,64.54,34.00,0.00,1.00,nan,0.00,nan,-1000.00,0.00,0.00,0.00
3,1471940148,362.00,65.54,35.00,0.00,1.00,nan,0.00,nan,-1000.00,0.00,0.00,0.00
3,1471940553,370.00,64.60,34.00,0.00,1.00,nan,0.00,nan,-1000.00,0.00,0.00,0.00
3,1471940958,370.00,64.55,34.00,0.00,1.00,nan,0.00,nan,-1000.00,0.00,0.00,0.00
3,1471941363,366.00,63.93,34.00,0.00,1.00,nan,0.00,nan,-1000.00,0.00,0.00,0.00
3,1471941767,370.00,64.36,34.00,0.00,1.00,nan,0.00,nan,-1000.00,0.00,0.00,0.00
3,1471942172,362.00,63.79,34.00,0.00,1.00,nan,0.00,nan,-1000.00,0.00,0.00,0.00
3,1471942577,362.00,63.99,34.00,0.00,1.00,nan,0.00,nan,-1000.00,0.00,0.00,0.00
3,1471942981,361.00,64.03,34.00,0.00,1.00,nan,0.00,nan,-1000.00,0.00,0.00,0.00
3,1471943386,368.00,67.22,36.00,0.00,1.00,nan,0.00,nan,-1000.00,0.00,0.00,0.00
3,1471943791,361.00,63.78,34.00,0.00,1.00,nan,0.00,nan,-1000.00,0.00,0.00,0.00
3,1471944196,362.00,63.95,34.00,0.00,1.00,nan,0.00,nan,-1000.00,0.00,0.00,0.00
3,1471944601,370.00,63.58,34.00,0.00,1.00,nan,0.00,nan,-1000.00,0.00,0.00,0.00
3,1471945005,368.00,63.89,34.00,0.00,1.00,nan,0.00,nan,-1000.00,0.00,0.00,0.00
3,1471945410,354.00,63.99,34.00,0.00,1.00,nan,0.00,nan,-1000.00,0.00,0.00,0.00
3,1471945815,366.00,63.03,34.00,0.00,1.00,nan,0.00,nan,-1000.00,0.00,0.00,0.00
3,1471946220,370.00,63.17,34.00,0.00,1.00,nan,0.00,nan,-1000.00,0.00,0.00,0.00
3,1471946625,369.00,63.31,34.00,0.00,1.00,nan,0.00,nan,-1000.00,0.00,0.00,0.00
3,1471947029,370.00,63.14,34.00,0.00,1.00,nan,0.00,nan,-1000.00,0.00,0.00,0.00
3,1471947434,358.00,63.60,34.00,0.00,1.00,nan,0.00,nan,-1000.00,0.00,0.00,0.00
3,1471947839,359.00,63.65,34.00,0.00,1.00,nan,0.00,nan,-1000.00,0.00,0.00,0.00
3,1471948244,374.00,63.69,34.00,0.00,1.00,nan,0.00,nan,-1000.00,0.00,0.00,0.00
3,1471948644,378.00,0.00,0.00,nan,0.00,nan,-1000.00,0.00,0.00,0.00,0.00,0.00
3,1471949045,383.00,0.00,nan,0.00,nan,-1000.00,0.00,0.00,0.00,0.00,0.00,0.00
3,1471949445,383.00,0.00,nan,0.00,nan,-1000.00,0.00,0.00,0.00,0.00,0.00,0.00
3,1471949846,334.00,0.00,0.00,nan,0.00,nan,-1000.00,0.00,0.00,0.00,0.00,0.00
3,1471950246,384.00,0.00,nan,0.00,nan,-1000.00,0.00,0.00,0.00,0.00,0.00,0.00
3,1471950647,382.00,0.00,nan,0.00,nan,-1000.00,0.00,0.00,0.00,0.00,0.00,0.00
3,1471951047,379.00,0.00,nan,0.00,nan,-1000.00,0.00,0.00,0.00,0.00,0.00,0.00
3,1471951448,384.00,0.00,0.00,0.00,nan,0.00,nan,-1000.00,0.00,0.00,0.00,0.00
3,1471951849,379.00,0.00,nan,0.00,nan,-1000.00,0.00,0.00,0.00,0.00,0.00,0.00
3,1471952250,385.00,0.00,0.00,0.00,nan,0.00,nan,-1000.00,0.00,0.00,0.00,0.00
3,1471952650,382.00,0.00,0.00,0.00,nan,0.00,nan,-1000.00,0.00,0.00,0.00,0.00
3,1471953051,378.00,0.00,nan,0.00,nan,-1000.00,0.00,0.00,0.00,0.00,0.00,0.00
3,1471953452,382.00,0.00,nan,0.00,nan,-1000.00,0.00,0.00,0.00,0.00,0.00,0.00
3,1471953853,382.00,0.00,nan,0.00,nan,-1000.00,0.00,0.00,0.00,0.00,0.00,0.00
3,1471954253,381.00,0.00,nan,0.00,nan,-1000.00,0.00,0.00,0.00,0.00,0.00,0.00
3,1471954654,380.00,0.00,nan,0.00,nan,-1000.00,0.00,0.00,0.00,0.00,0.00,0.00
3,1471955055,377.00,0.00,nan,0.00,nan,-1000.00,0.00,0.00,0.00,0.00,0.00,0.00
3,1471955455,378.00,0.00,nan,0.00,nan,-1000.00,0.00,0.00,0.00,0.00,0.00,0.00
3,1471955856,378.00,0.00,nan,0.00,nan,-1000.00,0.00,0.00,0.00,0.00,0.00,0.00
3,1471956257,375.00,0.00,nan,0.00,nan,-1000.00,0.00,0.00,0.00,0.00,0.00,0.00
3,1471956657,377.00,0.00,nan,0.00,nan,-1000.00,0.00,0.00,0.00,0.00,0.00,0.00
3,1471957058,382.00,0.00,0.00,nan,0.00,nan,-1000.00,0.00,0.00,0.00,0.00,0.00
3,1471957458,374.00,0.00,nan,0.00,nan,-1000.00,0.00,0.00,0.00,0.00,0.00,0.00
3,1471957859,382.00,0.00,nan,0.00,nan,-1000.00,0.00,0.00,0.00,0.00,0.00,0.00
3,1471958260,373.00,0.00,0.00,nan,0.00,nan,-1000.00,0.00,0.00,0.00,0.00,0.00
3,1471958660,383.00,0.00,nan,0.00,nan,-1000.00,0.00,0.00,0.00,0.00,0.00,0.00
3,1471959060,375.00,0.00,0.00,nan,0.00,nan,-1000.00,0.00,0.00,0.00,0.00,0.00
3,1471959461,376.00,0.00,nan,0.00,nan,-1000.00,0.00,0.00,0.00,0.00,0.00,0.00
3,1471959862,366.00,0.00,0.00,nan,0.00,nan,-1000.00,0.00,0.00,0.00,0.00,0.00
3,1471960262,376.00,0.00,nan,0.00,nan,-1000.00,0.00,0.00,0.00,0.00,0.00,0.00
3,1471960663,377.00,0.00,nan,0.00,nan,-1000.00,0.00,0.00,0.00,0.00,0.00,0.00
3,1471961063,380.00,0.00,nan,0.00,nan,-1000.00,0.00,0.00,0.00,0.00,0.00,0.00
3,1471961464,374.00,0.00,nan,0.00,nan,-1000.00,0.00,0.00,0.00,0.00,0.00,0.00
3,1471961864,379.00,0.00,nan,0.00,nan,-1000.00,0.00,0.00,0.00,0.00,0.00,0.00
3,1471962264,378.00,0.00,nan,0.00,nan,-1000.00,0.00,0.00,0.00,0.00,0.00,0.00
3,1471962665,379.00,0.00,nan,0.00,nan,-1000.00,0.00,0.00,0.00,0.00,0.00,0.00
3,1471963066,373.00,0.00,nan,0.00,nan,-1000.00,0.00,0.00,0.00,0.00,0.00,0.00
3,1471963467,367.00,0.00,0.00,nan,0.00,nan,-1000.00,0.00,0.00,0.00,0.00,0.00
3,1471963867,378.00,0.00,nan,0.00,nan,-1000.00,0.00,0.00,0.00,0.00,0.00,0.00
3,1471964268,366.00,0.00,nan,0.00,nan,-1000.00,0.00,0.00,0.00,0.00,0.00,0.00
3,1471964668,371.00,0.00,0.00,nan,0.00,nan,-1000.00,0.00,0.00,0.00,0.00,0.00
3,1471965073,361.00,69.46,37.00,0.00,1.00,nan,0.00,nan,-1000.00,0.00,0.00,0.00
3,1471965478,360.00,69.05,37.00,0.00,1.00,nan,0.00,nan,-1000.00,0.00,0.00,0.00
3,1471965883,308.00,68.67,37.00,0.00,1.00,nan,0.00,nan,-1000.00,0.00,0.00,0.00
3,1471966288,360.00,69.71,37.00,0.00,1.00,nan,0.00,nan,-1000.00,0.00,0.00,0.00
3,1471966692,358.00,68.78,37.00,0.00,1.00,nan,0.00,nan,-1000.00,0.00,0.00,0.00
3,1471967097,368.00,70.14,37.00,0.00,1.00,nan,0.00,nan,-1000.00,0.00,0.00,0.00
3,1471967502,320.00,69.33,37.00,0.00,1.00,nan,0.00,nan,-1000.00,0.00,0.00,0.00
3,1471967907,370.00,69.89,37.00,0.00,1.00,nan,0.00,nan,-1000.00,0.00,0.00,0.00
3,1471968312,364.00,69.89,37.00,0.00,1.00,nan,0.00,nan,-1000.00,0.00,0.00,0.00
3,1471968716,374.00,70.11,37.00,0.00,1.00,nan,0.00,nan,-1000.00,0.00,0.00,0.00
3,1471969121,374.00,75.08,40.00,0.00,1.00,nan,0.00,nan,-1000.00,0.00,0.00,0.00
3,1471969526,364.00,71.63,38.00,0.00,1.00,nan,0.00,nan,-1000.00,0.00,0.00,0.00
3,1471969931,366.00,73.00,39.00,0.00,1.00,nan,0.00,nan,-1000.00,0.00,0.00,0.00
3,1471970336,368.00,73.30,39.00,0.00,1.00,nan,0.00,nan,-1000.00,0.00,0.00,0.00
3,1471970741,380.00,74.34,40.00,0.00,1.00,nan,0.00,nan,-1000.00,0.00,0.00,0.00
3,1471971146,370.00,74.61,40.00,0.00,1.00,nan,0.00,nan,-1000.00,0.00,0.00,0.00
3,1471971551,380.00,67.52,36.00,0.00,1.00,nan,0.00,nan,-1000.00,0.00,0.00,0.00
3,1471971956,381.00,67.63,36.00,0.00,1.00,nan,0.00,nan,-1000.00,0.00,0.00,0.00
3,1471972361,371.00,68.28,36.00,0.00,1.00,nan,0.00,nan,-1000.00,0.00,0.00,0.00
3,1471972766,327.00,68.44,36.00,0.00,1.00,nan,0.00,nan,-1000.00,0.00,0.00,0.00
3,1471973171,379.00,67.82,36.00,0.00,1.00,nan,0.00,nan,-1000.00,0.00,0.00,0.00
3,1471973576,370.00,67.64,36.00,0.00,1.00,nan,0.00,nan,-1000.00,0.00,0.00,0.00
3,1471973981,378.00,68.50,36.00,0.00,1.00,nan,0.00,nan,-1000.00,0.00,0.00,0.00
3,1471974386,370.00,72.76,39.00,0.00,1.00,nan,0.00,nan,-1000.00,0.00,0.00,0.00
3,1471974791,374.00,67.90,36.00,0.00,1.00,nan,0.00,nan,-1000.00,0.00,0.00,0.00
3,1471975196,369.00,67.08,36.00,0.00,1.00,nan,0.00,nan,-1000.00,0.00,0.00,0.00
3,1471975600,373.00,67.64,36.00,0.00,1.00,nan,0.00,nan,-1000.00,0.00,0.00,0.00
3,1471976005,378.00,69.64,37.00,0.00,1.00,nan,0.00,nan,-1000.00,0.00,0.00,0.00
3,1471976410,375.00,68.69,37.00,0.00,1.00,nan,0.00,nan,-1000.00,0.00,0.00,0.00
3,1471976815,374.00,69.69,37.00,0.00,1.00,nan,0.00,nan,-1000.00,0.00,0.00,0.00
3,1471977220,380.00,69.37,37.00,0.00,1.00,nan,0.00,nan,-1000.00,0.00,0.00,0.00
3,1471977625,376.00,68.38,36.00,0.00,1.00,nan,0.00,nan,-1000.00,0.00,0.00,0.00
3,1471978030,378.00,69.48,37.00,0.00,1.00,nan,0.00,nan,-1000.00,0.00,0.00,0.00
3,1471978435,375.00,69.76,37.00,0.00,1.00,nan,0.00,nan,-1000.00,0.00,0.00,0.00
3,1471978841,369.00,68.67,37.00,0.00,1.00,nan,0.00,nan,-1000.00,0.00,0.00,0.00
3,1471979246,373.00,69.49,37.00,0.00,1.00,nan,0.00,nan,-1000.00,0.00,0.00,0.00
3,1471979651,370.00,68.24,36.00,0.00,1.00,nan,0.00,nan,-1000.00,0.00,0.00,0.00
3,1471980056,383.00,68.02,36.00,0.00,1.00,nan,0.00,nan,-1000.00,0.00,0.00,0.00
3,1471980461,372.00,70.68,38.00,0.00,1.00,nan,0.00,nan,-1000.00,0.00,0.00,0.00
3,1471980866,378.00,67.23,36.00,0.00,1.00,nan,0.00,nan,-1000.00,0.00,0.00,0.00
3,1471981271,381.00,67.46,36.00,0.00,1.00,nan,0.00,nan,-1000.00,0.00,0.00,0.00
3,1471981676,369.00,67.67,36.00,0.00,1.00,nan,0.00,nan,-1000.00,0.00,0.00,0.00
3,1471982080,381.00,65.94,35.00,0.00,1.00,nan,0.00,nan,-1000.00,0.00,0.00,0.00
3,1471982485,375.00,65.82,35.00,0.00,1.00,nan,0.00,nan,-1000.00,0.00,0.00,0.00
3,1471982890,326.00,66.14,35.00,0.00,1.00,nan,0.00,nan,-1000.00,0.00,0.00,0.00
3,1471983295,378.00,67.47,36.00,0.00,1.00,nan,0.00,nan,-1000.00,0.00,0.00,0.00
3,1471983700,376.00,66.29,35.00,0.00,1.00,nan,0.00,nan,-1000.00,0.00,0.00,0.00
3,1471984105,378.00,66.01,35.00,0.00,1.00,nan,0.00,nan,-1000.00,0.00,0.00,0.00
3,1471984510,376.00,65.70,35.00,0.00,1.00,nan,0.00,nan,-1000.00,0.00,0.00,0.00
3,1471984915,379.00,65.72,35.00,0.00,1.00,nan,0.00,nan,-1000.00,0.00,0.00,0.00
3,1471985320,380.00,69.06,37.00,0.00,1.00,nan,0.00,nan,-1000.00,0.00,0.00,0.00
3,1471985725,370.00,65.76,35.00,0.00,1.00,nan,0.00,nan,-1000.00,0.00,0.00,0.00
3,1471986130,377.00,69.06,37.00,0.00,1.00,nan,0.00,nan,-1000.00,0.00,0.00,0.00
3,1471986535,379.00,66.00,35.00,0.00,1.00,nan,0.00,nan,-1000.00,0.00,0.00,0.00
3,1471986940,371.00,66.06,35.00,0.00,1.00,nan,0.00,nan,-1000.00,0.00,0.00,0.00
3,1471987345,371.00,68.35,36.00,0.00,1.00,nan,0.00,nan,-1000.00,0.00,0.00,0.00
3,1471987750,373.00,66.12,35.00,0.00,1.00,nan,0.00,nan,-1000.00,0.00,0.00,0.00
3,1471988155,381.00,66.25,35.00,0.00,1.00,nan,0.00,nan,-1000.00,0.00,0.00,0.00
3,1471988560,374.00,65.94,35.00,0.00,1.00,nan,0.00,nan,-1000.00,0.00,0.00,0.00
3,1471988965,374.00,65.51,35.00,0.00,1.00,nan,0.00,nan,-1000.00,0.00,0.00,0.00
3,1471989370,376.00,66.07,35.00,0.00,1.00,nan,0.00,nan,-1000.00,0.00,0.00,0.00
3,1471989775,375.00,66.40,35.00,0.00,1.00,nan,0.00,nan,-1000.00,0.00,0.00,0.00
3,1471990179,371.00,65.61,35.00,0.00,1.00,nan,0.00,nan,-1000.00,0.00,0.00,0.00
3,1471990584,378.00,65.21,35.00,0.00,1.00,nan,0.00,nan,-1000.00,0.00,0.00,0.00
3,1471990989,374.00,66.24,35.00,0.00,1.00,nan,0.00,nan,-1000.00,0.00,0.00,0.00
3,1471991394,374.00,65.53,35.00,0.00,1.00,nan,0.00,nan,-1000.00,0.00,0.00,0.00
3,1471991799,379.00,64.89,35.00,0.00,1.00,nan,0.00,nan,-1000.00,0.00,0.00,0.00
3,1471992204,369.00,65.63,35.00,0.00,1.00,nan,0.00,nan,-1000.00,0.00,0.00,0.00
3,1471992609,368.00,65.66,35.00,0.00,1.00,nan,0.00,nan,-1000.00,0.00,0.00,0.00
3,1471993014,328.00,65.39,35.00,0.00,1.00,nan,0.00,nan,-1000.00,0.00,0.00,0.00
3,1471993419,372.00,65.43,35.00,0.00,1.00,nan,0.00,nan,-1000.00,0.00,0.00,0.00
3,1471993824,370.00,65.91,35.00,0.00,1.00,nan,0.00,nan,-1000.00,0.00,0.00,0.00
3,1471994229,383.00,65.72,35.00,0.00,1.00,nan,0.00,nan,-1000.00,0.00,0.00,0.00
3,1471994634,375.00,65.42,35.00,0.00,1.00,nan,0.00,nan,-1000.00,0.00,0.00,0.00
3,1471995039,379.00,65.75,35.00,0.00,1.00,nan,0.00,nan,-1000.00,0.00,0.00,0.00
3,1471995444,378.00,65.64,35.00,0.00,1.00,nan,0.00,nan,-1000.00,0.00,0.00,0.00
3,1471995849,328.00,65.59,35.00,0.00,1.00,nan,0.00,nan,-1000.00,0.00,0.00,0.00
3,1471996254,380.00,66.06,35.00,0.00,1.00,nan,0.00,nan,-1000.00,0.00,0.00,0.00
3,1471996659,370.00,66.09,35.00,0.00,1.00,nan,0.00,nan,-1000.00,0.00,0.00,0.00
3,1471997064,374.00,65.79,35.00,0.00,1.00,nan,0.00,nan,-1000.00,0.00,0.00,0.00
3,1471997469,372.00,66.14,35.00,0.00,1.00,nan,0.00,nan,-1000.00,0.00,0.00,0.00
3,1471997874,381.00,68.62,37.00,0.00,1.00,nan,0.00,nan,-1000.00,0.00,0.00,0.00
3,1471998280,371.00,65.72,35.00,0.00,1.00,nan,0.00,nan,-1000.00,0.00,0.00,0.00
3,1471998685,373.00,65.81,35.00,0.00,1.00,nan,0.00,nan,-1000.00,0.00,0.00,0.00
3,1471999090,382.00,65.56,35.00,0.00,1.00,nan,0.00,nan,-1000.00,0.00,0.00,0.00
3,1471999495,375.00,65.54,35.00,0.00,1.00,nan,0.00,nan,-1000.00,0.00,0.00,0.00
3,1471999900,376.00,65.53,35.00,0.00,1.00,nan,0.00,nan,-1000.00,0.00,0.00,0.00
3,1472000305,359.00,65.79,35.00,0.00,1.00,nan,0.00,nan,-1000.00,0.00,0.00,0.00
3,1472000710,375.00,65.90,35.00,0.00,1.00,nan,0.00,nan,-1000.00,0.00,0.00,0.00
3,1472001115,370.00,65.63,35.00,0.00,1.00,nan,0.00,nan,-1000.00,0.00,0.00,0.00
3,1472001520,373.00,65.51,35.00,0.00,1.00,nan,0.00,nan,-1000.00,0.00,0.00,0.00
3,1472001925,382.00,65.79,35.00,0.00,1.00,nan,0.00,nan,-1000.00,0.00,0.00,0.00
3,1472002330,381.00,65.49,35.00,0.00,1.00,nan,0.00,nan,-1000.00,0.00,0.00,0.00
3,1472002735,378.00,65.62,35.00,0.00,1.00,nan,0.00,nan,-1000.00,0.00,0.00,0.00
3,1472003140,375.00,65.39,35.00,0.00,1.00,nan,0.00,nan,-1000.00,0.00,0.00,0.00
3,1472003545,382.00,65.50,35.00,0.00,1.00,nan,0.00,nan,-1000.00,0.00,0.00,0.00
3,1472003950,381.00,65.01,35.00,0.00,1.00,nan,0.00,nan,-1000.00,0.00,0.00,0.00
3,1472004355,372.00,65.38,35.00,0.00,1.00,nan,0.00,nan,-1000.00,0.00,0.00,0.00
3,1472004760,379.00,65.30,35.00,0.00,1.00,nan,0.00,nan,-1000.00,0.00,0.00,0.00
3,1472005166,371.00,64.97,35.00,0.00,1.00,nan,0.00,nan,-1000.00,0.00,0.00,0.00
3,1472005571,380.00,64.57,34.00,0.00,1.00,nan,0.00,nan,-1000.00,0.00,0.00,0.00
3,1472005976,378.00,64.92,35.00,0.00,1.00,nan,0.00,nan,-1000.00,0.00,0.00,0.00
3,1472006381,381.00,64.92,35.00,0.00,1.00,nan,0.00,nan,-1000.00,0.00,0.00,0.00
3,1472006786,380.00,64.68,34.00,0.00,1.00,nan,0.00,nan,-1000.00,0.00,0.00,0.00
3,1472007191,372.00,65.02,35.00,0.00,1.00,nan,0.00,nan,-1000.00,0.00,0.00,0.00
3,1472007596,377.00,67.41,36.00,0.00,1.00,nan,0.00,nan,-1000.00,0.00,0.00,0.00
3,1472008001,379.00,64.62,34.00,0.00,1.00,nan,0.00,nan,-1000.00,0.00,0.00,0.00
3,1472008406,372.00,68.12,36.00,0.00,1.00,nan,0.00,nan,-1000.00,0.00,0.00,0.00
3,1472008811,373.00,64.89,35.00,0.00,1.00,nan,0.00,nan,-1000.00,0.00,0.00,0.00
3,1472009216,378.00,64.31,34.00,0.00,1.00,nan,0.00,nan,-1000.00,0.00,0.00,0.00
3,1472009621,375.00,64.39,34.00,0.00,1.00,nan,0.00,nan,-1000.00,0.00,0.00,0.00
3,1472010026,373.00,66.83,36.00,0.00,1.00,nan,0.00,nan,-1000.00,0.00,0.00,0.00
3,1472010431,374.00,64.11,34.00,0.00,1.00,nan,0.00,nan,-1000.00,0.00,0.00,0.00
3,1472010836,378.00,64.35,34.00,0.00,1.00,nan,0.00,nan,-1000.00,0.00,0.00,0.00
3,1472011241,374.00,63.96,34.00,0.00,1.00,nan,0.00,nan,-1000.00,0.00,0.00,0.00
3,1472011646,384.00,64.01,34.00,0.00,1.00,nan,0.00,nan,-1000.00,0.00,0.00,0.00
3,1472012051,379.00,63.98,34.00,0.00,1.00,nan,0.00,nan,-1000.00,0.00,0.00,0.00
3,1472012456,371.00,63.63,34.00,0.00,1.00,nan,0.00,nan,-1000.00,0.00,0.00,0.00
3,1472012861,381.00,63.58,34.00,0.00,1.00,nan,0.00,nan,-1000.00,0.00,0.00,0.00
3,1472013266,381.00,63.78,34.00,0.00,1.00,nan,0.00,nan,-1000.00,0.00,0.00,0.00
3,1472013671,375.00,63.33,34.00,0.00,1.00,nan,0.00,nan,-1000.00,0.00,0.00,0.00
3,1472014076,375.00,63.28,34.00,0.00,1.00,nan,0.00,nan,-1000.00,0.00,0.00,0.00
3,1472014482,374.00,63.08,34.00,0.00,1.00,nan,0.00,nan,-1000.00,0.00,0.00,0.00
3,1472014887,361.00,62.89,33.00,0.00,1.00,nan,0.00,nan,-1000.00,0.00,0.00,0.00
3,1472015292,380.00,63.13,34.00,0.00,1.00,nan,0.00,nan,-1000.00,0.00,0.00,0.00
3,1472015697,375.00,62.97,34.00,0.00,1.00,nan,0.00,nan,-1000.00,0.00,0.00,0.00
3,1472016102,370.00,62.38,33.00,0.00,1.00,nan,0.00,nan,-1000.00,0.00,0.00,0.00
3,1472016507,328.00,62.84,33.00,0.00,1.00,nan,0.00,nan,-1000.00,0.00,0.00,0.00
3,1472016912,371.00,63.18,34.00,0.00,1.00,nan,0.00,nan,-1000.00,0.00,0.00,0.00
3,1472017317,376.00,62.93,33.00,0.00,1.00,nan,0.00,nan,-1000.00,0.00,0.00,0.00
3,1472017722,383.00,63.00,34.00,0.00,1.00,nan,0.00,nan,-1000.00,0.00,0.00,0.00
3,1472018127,378.00,62.95,33.00,0.00,1.00,nan,0.00,nan,-1000.00,0.00,0.00,0.00
3,1472018531,373.00,63.19,34.00,0.00,1.00,nan,0.00,nan,-1000.00,0.00,0.00,0.00
3,1472018936,380.00,66.56,35.00,0.00,1.00,nan,0.00,nan,-1000.00,0.00,0.00,0.00
3,1472019341,368.00,66.44,35.00,0.00,1.00,nan,0.00,nan,-1000.00,0.00,0.00,0.00
3,1472019746,369.00,66.47,35.00,0.00,1.00,nan,0.00,nan,-1000.00,0.00,0.00,0.00
3,1472020151,373.00,66.66,35.00,0.00,1.00,nan,0.00,nan,-1000.00,0.00,0.00,0.00
3,1472020556,368.00,67.55,36.00,0.00,1.00,nan,0.00,nan,-1000.00,0.00,0.00,0.00
3,1472020961,371.00,63.88,34.00,0.00,1.00,nan,0.00,nan,-1000.00,0.00,0.00,0.00
3,1472021366,374.00,63.84,34.00,0.00,1.00,nan,0.00,nan,-1000.00,0.00,0.00,0.00
3,1472021770,372.00,63.84,34.00,0.00,1.00,nan,0.00,nan,-1000.00,0.00,0.00,0.00
3,1472022175,377.00,64.41,34.00,0.00,1.00,nan,0.00,nan,-1000.00,0.00,0.00,0.00
3,1472022580,377.00,64.17,34.00,0.00,1.00,nan,0.00,nan,-1000.00,0.00,0.00,0.00
3,1472022985,372.00,64.55,34.00,0.00,1.00,nan,0.00,nan,-1000.00,0.00,0.00,0.00
3,1472023390,375.00,68.66,37.00,0.00,1.00,nan,0.00,nan,-1000.00,0.00,0.00,0.00
3,1472023794,372.00,64.98,35.00,0.00,1.00,nan,0.00,nan,-1000.00,0.00,0.00,0.00
3,1472024199,371.00,64.50,34.00,0.00,1.00,nan,0.00,nan,-1000.00,0.00,0.00,0.00
3,1472024604,364.00,64.18,34.00,0.00,1.00,nan,0.00,nan,-1000.00,0.00,0.00,0.00
3,1472025009,364.00,65.01,35.00,0.00,1.00,nan,0.00,nan,-1000.00,0.00,0.00,0.00
3,1472025413,370.00,64.85,35.00,0.00,1.00,nan,0.00,nan,-1000.00,0.00,0.00,0.00
3,1472025818,363.00,64.71,34.00,0.00,1.00,nan,0.00,nan,-1000.00,0.00,0.00,0.00
3,1472026223,365.00,65.12,35.00,0.00,1.00,nan,0.00,nan,-1000.00,0.00,0.00,0.00
3,1472026628,364.00,64.76,34.00,0.00,1.00,nan,0.00,nan,-1000.00,0.00,0.00,0.00
3,1472027032,364.00,64.83,35.00,0.00,1.00,nan,0.00,nan,-1000.00,0.00,0.00,0.00
3,1472027437,370.00,68.48,36.00,0.00,1.00,nan,0.00,nan,-1000.00,0.00,0.00,0.00
3,1472027842,373.00,65.18,35.00,0.00,1.00,nan,0.00,nan,-1000.00,0.00,0.00,0.00
3,1472028247,371.00,64.61,34.00,0.00,1.00,nan,0.00,nan,-1000.00,0.00,0.00,0.00
3,1472028652,364.00,64.76,34.00,0.00,1.00,nan,0.00,nan,-1000.00,0.00,0.00,0.00
3,1472029057,373.00,65.02,35.00,0.00,1.00,nan,0.00,nan,-1000.00,0.00,0.00,0.00
3,1472029461,321.00,65.05,35.00,0.00,1.00,nan,0.00,nan,-1000.00,0.00,0.00,0.00
3,1472029866,369.00,65.38,35.00,0.00,1.00,nan,0.00,nan,-1000.00,0.00,0.00,0.00
3,1472030271,374.00,65.22,35.00,0.00,1.00,nan,0.00,nan,-1000.00,0.00,0.00,0.00
3,1472030676,374.00,65.33,35.00,0.00,1.00,nan,0.00,nan,-1000.00,0.00,0.00,0.00
3,1472031081,366.00,65.22,35.00,0.00,1.00,nan,0.00,nan,-1000.00,0.00,0.00,0.00
3,1472031486,372.00,65.23,35.00,0.00,1.00,nan,0.00,nan,-1000.00,0.00,0.00,0.00
3,1472031891,373.00,65.34,35.00,0.00,1.00,nan,0.00,nan,-1000.00,0.00,0.00,0.00
3,1472032296,371.00,65.06,35.00,0.00,1.00,nan,0.00,nan,-1000.00,0.00,0.00,0.00
3,1472032700,370.00,64.99,35.00,0.00,1.00,nan,0.00,nan,-1000.00,0.00,0.00,0.00
3,1472033105,365.00,64.92,35.00,0.00,1.00,nan,0.00,nan,-1000.00,0.00,0.00,0.00
3,1472033510,368.00,64.94,35.00,0.00,1.00,nan,0.00,nan,-1000.00,0.00,0.00,0.00
3,1472033915,368.00,65.18,35.00,0.00,1.00,nan,0.00,nan,-1000.00,0.00,0.00,0.00
3,1472034320,355.00,65.44,35.00,0.00,1.00,nan,0.00,nan,-1000.00,0.00,0.00,0.00
3,1472034725,368.00,65.79,35.00,0.00,1.00,nan,0.00,nan,-1000.00,0.00,0.00,0.00
3,1472035130,372.00,65.87,35.00,0.00,1.00,nan,0.00,nan,-1000.00,0.00,0.00,0.00
3,1472035534,364.00,65.68,35.00,0.00,1.00,nan,0.00,nan,-1000.00,0.00,0.00,0.00
3,1472035935,331.00,0.00,0.00,nan,0.00,nan,-1000.00,0.00,0.00,0.00,0.00,0.00
3,1472036336,378.00,0.00,nan,0.00,nan,-1000.00,0.00,0.00,0.00,0.00,0.00,0.00
3,1472036736,375.00,0.00,nan,0.00,nan,-1000.00,0.00,0.00,0.00,0.00,0.00,0.00
3,1472037137,380.00,0.00,nan,0.00,nan,-1000.00,0.00,0.00,0.00,0.00,0.00,0.00
3,1472037538,389.00,0.00,nan,0.00,nan,-1000.00,0.00,0.00,0.00,0.00,0.00,0.00
3,1472037939,384.00,0.00,nan,0.00,nan,-1000.00,0.00,0.00,0.00,0.00,0.00,0.00
3,1472038339,380.00,0.00,0.00,nan,0.00,nan,-1000.00,0.00,0.00,0.00,0.00,0.00
3,1472038740,388.00,0.00,nan,0.00,nan,-1000.00,0.00,0.00,0.00,0.00,0.00,0.00
3,1472039140,379.00,0.00,0.00,nan,0.00,nan,-1000.00,0.00,0.00,0.00,0.00,0.00
3,1472039541,389.00,0.00,nan,0.00,nan,-1000.00,0.00,0.00,0.00,0.00,0.00,0.00
3,1472039942,391.00,0.00,0.00,nan,0.00,nan,-1000.00,0.00,0.00,0.00,0.00,0.00
3,1472040343,388.00,0.00,0.00,nan,0.00,nan,-1000.00,0.00,0.00,0.00,0.00,0.00
3,1472040744,383.00,0.00,nan,0.00,nan,-1000.00,0.00,0.00,0.00,0.00,0.00,0.00
3,1472041144,384.00,0.00,0.00,nan,0.00,nan,-1000.00,0.00,0.00,0.00,0.00,0.00
3,1472041545,382.00,0.00,0.00,nan,0.00,nan,-1000.00,0.00,0.00,0.00,0.00,0.00
3,1472041946,386.00,0.00,0.00,nan,0.00,nan,-1000.00,0.00,0.00,0.00,0.00,0.00
3,1472042347,388.00,0.00,0.00,nan,0.00,nan,-1000.00,0.00,0.00,0.00,0.00,0.00
3,1472042747,388.00,0.00,0.00,nan,0.00,nan,-1000.00,0.00,0.00,0.00,0.00,0.00
3,1472043148,383.00,0.00,0.00,nan,0.00,nan,-1000.00,0.00,0.00,0.00,0.00,0.00
3,1472043549,384.00,0.00,nan,0.00,nan,-1000.00,0.00,0.00,0.00,0.00,0.00,0.00
3,1473654971,368.00,65.98,35.00,0.00,1.00,nan,0.00,nan,-1000.00,0.00,0.00,0.00
3,1473655377,380.00,65.91,35.00,0.00,1.00,nan,0.00,nan,-1000.00,0.00,0.00,0.00
3,1474259431,371.00,nan,0.00,nan,-1000.00,0.00,0.00,0.00,0.00,0.00,0.00,0.00
3,1474259852,378.00,nan,0.00,nan,-1000.00,0.00,0.00,0.00,0.00,0.00,0.00,0.00
3,1474260273,384.00,nan,0.00,nan,-1000.00,0.00,0.00,0.00,0.00,0.00,0.00,0.00
3,1474345824,371.00,nan,0.00,nan,-1000.00,0.00,0.00,0.00,0.00,0.00,0.00,0.00
3,1474346191,384.00,257.70,6.44,0.22,nan,0.00,nan,-1000.00,0.00,0.00,0.00,0.00
